Rk,Player,Pos,Tm,Cap Hit
1,Kirk Cousins\CousKi00,QB,WAS,$23943600
2,Trumaine Johnson\JohnTr05,CB,LAR,$16742400
3,Von Miller\MillVo00,LB,DEN,$16500000
,Josh Norman\NormJo01,CB,WAS,$16500000
5,Justin Houston\HousJu00,LB,KAN,$16350000
6,Matt Ryan\RyanMa00,QB,ATL,$15750000
7,Carson Palmer\PalmCa00,QB,ARI,$15500000
8,Muhammad Wilkerson\WilkMu00,DT,NYJ,$14750000
9,Sam Bradford\BradSa00,QB,MIN,$14000000
10,Malik Jackson\JackMa02,DT,JAX,$13500000
11,Gerald McCoy\McCoGe99,DT,TAM,$13250000
12,Cam Newton\NewtCa00,QB,CAR,$13166666
13,Andy Dalton\DaltAn00,QB,CIN,$13100000
14,Drew Brees\BreeDr00,QB,NOR,$13000000
,Dez Bryant\BryaDe01,WR,DAL,$13000000
,Eli Manning\MannEl00,QB,NYG,$13000000
17,Janoris Jenkins\JenkJa03,CB,NYG,$12900000
18,Ezekiel Ansah\AnsaEz00,DE,DET,$12734000
19,Russell Wilson\WilsRu00,QB,SEA,$12600000
20,Aaron Rodgers\RodgAa00,QB,GNB,$12550000
21,Le'Veon Bell\BellLe00,RB,PIT,$12120000
22,Ben Roethlisberger\RoetBe00,QB,PIT,$12000000
23,Olivier Vernon\VernOl00,DE,NYG,$11750000
24,Julio Jones\JoneJu02,WR,ATL,$11500000
25,Richard Sherman\SherRi00,DB,SEA,$11431000
26,Trent Williams\WillTr21,T,WAS,$11250000
27,Larry Fitzgerald\FitzLa00,WR,ARI,$11000000
,Aqib Talib\TaliAq99,DB,DEN,$11000000
,Philip Rivers\RivePh00,QB,LAC,$11000000
30,Alex Smith\SmitAl03,QB,KAN,$10800000
31,J.J. Watt\WattJ.00,DE,HOU,$10500000
32,A.J. Green\GreeA.00,WR,CIN,$10300000
33,Clay Matthews\MattCl99,LB,GNB,$10100000
34,Ndamukong Suh\SuhxNd99,DT,MIA,$9985000
35,Marcell Dareus\DareMa00,DT,2TM,$9750000
,Patrick Peterson\PetePa00,CB,ARI,$9750000
37,Duane Brown\BrowDu20,G,2TM,$9400000
38,Calais Campbell\CampCa99,DE,JAX,$9000000
,Cordy Glenn\GlenCo00,T,BUF,$9000000
,Vontae Davis\DaviVo99,DB,IND,$9000000
41,Justin Pugh\PughJu00,OG,NYG,$8821000
42,Joe Thomas\ThomJo28,T,CLE,$8800000
43,Damon Harrison\HarrDa03,DT,NYG,$8750000
44,Randall Cobb\CobbRa00,WR,GNB,$8600000
45,Demaryius Thomas\ThomDe03,WR,DEN,$8500000
,Earl Thomas\ThomEa99,DB,SEA,$8500000
,Byron Maxwell\MaxwBy00,DB,2TM,$8500000
48,Alec Ogletree\OgleAl00,OLB,LAR,$8369000
49,Joe Staley\StalJo20,T,SFO,$8250000
,Jordy Nelson\NelsJo00,WR,GNB,$8250000
,Ryan Kerrigan\KerrRy00,DE,WAS,$8250000
52,Sheldon Richardson\RichSh00,DT,SEA,$8069000
53,Xavier Rhodes\RhodXa00,CB,MIN,$8026000
54,Corey Liuget\LiugCo00,DT,LAC,$8000000
,T.Y. Hilton\HiltT.00,WR,IND,$8000000
,Mike Glennon\GlenMi00,QB,CHI,$8000000
,DeAndre Hopkins\HopkDe00,WR,HOU,$8000000
,Mike Iupati\IupaMi20,G,ARI,$8000000
59,Mike Pouncey\PounMi00,OL,MIA,$7950000
60,Jimmy Graham\GrahJi00,TE,SEA,$7900000
61,Lane Johnson\JohnLa01,OT,PHI,$7750000
62,Andrew Whitworth\WhitAn20,T,LAR,$7500000
,Tyrod Taylor\TaylTy00,QB,BUF,$7500000
,Dontari Poe\PoexDo00,DT,ATL,$7500000
,Maurkice Pouncey\PounMa20,C,PIT,$7500000
66,Jason Witten\WittJa00,TE,DAL,$7400000
,Chris Harris\HarrCh01,CB,DEN,$7400000
68,Luke Kuechly\KuecLu00,ILB,CAR,$7363324
69,Geno Atkins\AtkiGe99,DT,CIN,$7300000
70,Tyrone Crawford\CrawTy00,DE,DAL,$7250000
71,Chandler Jones\JoneCh03,DE,ARI,$7000000
,Marvin Jones\JoneMa02,WR,DET,$7000000
,Cameron Jordan\JordCa00,DE,NOR,$7000000
,Vinny Curry\CurrVi00,DE,PHI,$7000000
,Akiem Hicks\HickAk00,DE,CHI,$7000000
,Allen Hurns\HurnAl01,WR,JAX,$7000000
77,Dominique Rodgers-Cromartie\RodgDo99,DB,NYG,$6980000
78,Pernell McPhee\McPhPe00,DL,CHI,$6950000
79,Cameron Wake\WakeCa00,LB,MIA,$6875000
80,Eric Fisher\FishEr00,OT,KAN,$6857977
81,Star Lotulelei\LotuSt00,DT,CAR,$6757000
82,Emmanuel Sanders\SandEm00,WR,DEN,$6750000
83,Kelechi Osemele\OsemKe00,T,OAK,$6700000
84,Bennie Logan\LogaBe00,DT,KAN,$6680000
85,Vontaze Burfict\BurfVo00,LB,CIN,$6535529
86,Nate Solder\SoldNa00,T,NWE,$6500000
,Johnathan Joseph\JoseJo20,DB,HOU,$6500000
,Kareem Jackson\JackKa99,DB,HOU,$6500000
,Devin McCourty\McCoDe99,DB,NWE,$6500000
,Greg Olsen\OlseGr00,TE,CAR,$6500000
,DeSean Jackson\JackDe00,WR,TAM,$6500000
,Jared Veldheer\VeldJa20,T,ARI,$6500000
,Jermey Parnell\ParnJe00,T,JAX,$6500000
,Rodney Hudson\HudsRo00,OL,OAK,$6500000
,Michael Bennett\BennMi99,DE,SEA,$6500000
,Brandon Graham\GrahBr99,DE,PHI,$6500000
97,Kyle Williams\WillKy20,DT,BUF,$6300000
98,Kyle Long\LongKy00,OT,CHI,$6250000
,DeMarco Murray\MurrDe00,RB,TEN,$6250000
,Michael Crabtree\CrabMi00,WR,OAK,$6250000
101,Riley Reiff\ReifRi00,OT,MIN,$6200000
,Brian Orakpo\OrakBr99,LB,TEN,$6200000
103,Robert Quinn\QuinRo00,DE,LAR,$6161616
104,Adam Jones\JonePa20,DB,CIN,$6023529
105,Lavonte David\DaviLa00,OLB,TAM,$6000000
,Marshal Yanda\YandMa20,T,BAL,$6000000
,Brent Grimes\GrimBr20,DB,TAM,$6000000
,Golden Tate\TateGo00,WR,DET,$6000000
,Mohamed Sanu\SanuMo00,WR,ATL,$6000000
,Darian Stewart\StewDa00,DB,DEN,$6000000
,Malcolm Jenkins\JenkMa99,DB,PHI,$6000000
,LeSean McCoy\McCoLe01,RB,BUF,$6000000
,Joe Flacco\FlacJo00,QB,BAL,$6000000
,Kawann Short\ShorKa00,DT,CAR,$6000000
,Derrick Morgan\MorgDe99,DE,TEN,$6000000
,Buster Skrine\SkriBu00,DB,NYJ,$6000000
,Kevin Zeitler\ZeitKe00,G,CLE,$6000000
118,Donald Penn\PennDo20,T,OAK,$5800000
,Coby Fleener\FleeCo00,TE,NOR,$5800000
,K.J. Wright\WrigK.00,LB,SEA,$5800000
121,Doug Martin\MartDo00,RB,TAM,$5764706
122,Alex Mack\MackAl20,C,ATL,$5750000
,Tamba Hali\HaliTa20,DE,KAN,$5750000
124,Eric Reid\ReidEr00,FS,SFO,$5676000
,Kenny Vaccaro\VaccKe00,FS,NOR,$5676000
126,Haloti Ngata\NgatHa20,DT,DET,$5500000
,Lamar Miller\MillLa01,RB,HOU,$5500000
,Julius Thomas\ThomJu00,TE,MIA,$5500000
,Derek Wolfe\WolfDe00,DT,DEN,$5500000
,Brandon Linder\LindBr00,OG,JAX,$5500000
131,Jerry Hughes\HughJe99,DE,BUF,$5400000
,Bryan Bulaga\BulaBr20,T,GNB,$5400000
133,Carlos Dunlap\DunlCa99,DE,CIN,$5350000
134,Gabe Jackson\JackGa00,OG,OAK,$5250000
,Travis Benjamin\BenjTr00,WR,LAC,$5250000
,Andy Levitre\LeviAn20,G,ATL,$5250000
137,Kyle Rudolph\RudoKy00,TE,MIN,$5150000
,Harrison Smith\SmitHa00,FS,MIN,$5150000
139,Mike Mitchell\MitcMi99,DB,PIT,$5000000
,Logan Ryan\RyanLo00,CB,TEN,$5000000
,Sean Smith\SmitSe99,DB,OAK,$5000000
,Melvin Ingram\IngrMe00,DE,LAC,$5000000
,Derek Carr\CarrDe02,QB,OAK,$5000000
,Jay Cutler\CutlJa00,QB,MIA,$5000000
,Tashaun Gipson\GipsTa00,DB,JAX,$5000000
,Mark Barron\BarrMa00,LB,LAR,$5000000
,Brandon Brooks\BrooBr00,G,PHI,$5000000
,Jason Kelce\KelcJa00,OL,PHI,$5000000
,Rishard Matthews\MattRi00,WR,TEN,$5000000
,Barry Church\ChurBa99,DB,JAX,$5000000
151,Mitchell Schwartz\SchwMi00,T,KAN,$4900000
152,Mychal Kendricks\KendMy00,ILB,PHI,$4850000
153,Rodger Saffold\SaffRo20,T,LAR,$4847233
154,Tyler Eifert\EifeTy00,TE,CIN,$4782000
155,Jeff Allen\AlleJe01,T,HOU,$4750000
,Jamie Collins\CollJa00,OLB,CLE,$4750000
,Morgan Burnett\BurnMo99,DB,GNB,$4750000
,Tyrann Mathieu\MathTy00,CB,ARI,$4750000
,Mike Wallace\WallMi00,WR,BAL,$4750000
160,Josh Sitton\SittJo20,G,CHI,$4650000
161,Cliff Avril\AvriCl99,DE,SEA,$4500000
,Chris Ivory\IvorCh00,RB,JAX,$4500000
,Bruce Irvin\IrviBr00,DE,OAK,$4500000
,Antonio Gates\GateAn00,TE,LAC,$4500000
,Whitney Mercilus\MercWh00,DE,HOU,$4500000
,Stephon Gilmore\GilmSt00,CB,NWE,$4500000
,Joe Barksdale\BarkJo00,OL,LAC,$4500000
,Charles Clay\ClayCh00,TE,BUF,$4500000
169,James Carpenter\CarpJa00,OL,NYJ,$4450000
170,Demar Dotson\DotsDe00,T,TAM,$4250000
,Rob Gronkowski\GronRo00,TE,NWE,$4250000
172,Terron Armstead\ArmsTe00,OT,NOR,$4200000
,Bobby Massie\MassBo00,T,CHI,$4200000
,Delanie Walker\WalkHu00,TE,TEN,$4200000
175,Brooks Reed\ReedBr00,DL,ATL,$4100000
,Darius Slay\SlayDa00,CB,DET,$4100000
177,Clint Boling\BoliCl00,OL,CIN,$4050000
,Dustin Colquitt\ColqDu20,P,KAN,$4050000
179,Bobby Wagner\WagnBo00,ILB,SEA,$4000000
,Shawn Lauvao\LauvSh20,G,WAS,$4000000
,Matt Forte\FortMa00,RB,NYJ,$4000000
,Eric Weddle\WeddEr99,DB,BAL,$4000000
,Torrey Smith\SmitTo02,WR,PHI,$4000000
,Kenny Britt\BritKe00,WR,2TM,$4000000
,Jeremy Lane\LaneJe00,CB,SEA,$4000000
,George Iloka\IlokGe00,FS,CIN,$4000000
,Terrell Suggs\SuggTe99,LB-DE,BAL,$4000000
,Marcedes Lewis\LewiMa00,TE,JAX,$4000000
,Marcus Gilbert\GilbMa00,OL,PIT,$4000000
,Nigel Bradham\BradNi00,OLB,PHI,$4000000
,Robert Ayers\AyerRo99,DE,TAM,$4000000
,Darren Sproles\SproDa00,RB,PHI,$4000000
193,Paul Posluszny\PoluPa99,LB,JAX,$3950000
194,Malcolm Butler\ButlMa01,CB,NWE,$3910000
195,Brian Robison\RobiBr98,DE,MIN,$3900000
,Ron Parker\ParkRo01,CB,KAN,$3900000
,Allen Bailey\BailAl00,DL,KAN,$3900000
198,Christian Kirksey\KirkCh00,OLB,CLE,$3797000
199,J.R. Sweezy\SweeJ.00,G,TAM,$3750000
,Jerrell Freeman\FreeJe00,LB,CHI,$3750000
,Adrian Clayborn\ClayAd00,DL,ATL,$3750000
,Jordan Reed\ReedJo02,TE,WAS,$3750000
,Bilal Powell\PoweBi00,RB,NYJ,$3750000
204,Pierre Garcon\GarcPi00,WR,SFO,$3675000
205,Michael Johnson\JohnMi98,DE,CIN,$3550000
206,Ben Jones\JoneBe01,C,TEN,$3500000
,Cole Beasley\BeasCo00,WR,DAL,$3500000
,Tavon Austin\AustTa00,WR,LAR,$3500000
,Prince Amukamara\AmukPr00,CB,CHI,$3500000
,Frank Gore\GoreFr00,RB,IND,$3500000
211,Brandon Mebane\MebaBr99,DT,LAC,$3350000
212,Greg Robinson\RobiGr01,OT,DET,$3322377
213,Casey Hayward\HaywCa00,DB,LAC,$3250000
,Thomas Davis\DaviTh20,LB,CAR,$3250000
215,Blake Bortles\BortBl00,QB,JAX,$3236565
216,Graham Gano\GanoGr44,K,CAR,$3200000
,Dan Bailey\BailDa00,K,DAL,$3200000
218,Richie Incognito\IncoRi20,G,BUF,$3175000
219,Joel Bitonio\BitoJo00,OT,CLE,$3164777
220,Thomas Morstead\MorsTh00,P,NOR,$3150000
,Matt Prater\PratMa20,K,DET,$3150000
222,Mark Ingram\IngrMa01,RB,NOR,$3100000
223,C.J. Fiedorowicz\FiedC.00,TE,HOU,$3097000
224,Tahir Whitehead\WhitTa00,OLB,DET,$3050000
225,NaVorro Bowman\BowmNa99,LB,2TM,$3000000
,Robert Woods\WoodRo02,WR,LAR,$3000000
,Fletcher Cox\CoxxFl00,DT,PHI,$3000000
,Brandon Marshall\MarsBr00,WR,NYG,$3000000
,Derrick Shelby\ShelDe00,DE,ATL,$3000000
,William Gholston\GholWi00,DE,TAM,$3000000
,Marcus Cooper\CoopMa00,CB,CHI,$3000000
,Kam Chancellor\ChanKa99,DB,SEA,$3000000
,Ryan Kalil\KaliRy20,C,CAR,$3000000
,Johnathan Hankins\HankJo00,DT,IND,$3000000
,A.J. Bouye\BouyA.00,CB,JAX,$3000000
,Orlando Scandrick\ScanOr99,DB,DAL,$3000000
,T.J. Lang\LangT.20,T,DET,$3000000
,Tony Jefferson\JeffTo00,FS,BAL,$3000000
,T.J. Ward\WardT.99,DB,TAM,$3000000
,Jason Peters\PeteJa21,T,PHI,$3000000
,Markus Wheaton\WheaMa00,WR,CHI,$3000000
,Chris Baker\BakeCh99,DT,TAM,$3000000
,Josh McCown\McCoJo01,QB,NYJ,$3000000
,Brent Celek\CeleBr00,TE,PHI,$3000000
,Terrelle Pryor\PryoTe00,QB,WAS,$3000000
,Ricky Wagner\WagnRi00,OT,DET,$3000000
,Russell Okung\OkunRu20,T,LAC,$3000000
248,Andrew Sendejo\SendAn00,DB,MIN,$2950000
249,C.J. Anderson\AndeC.00,RB,DEN,$2900000
,Andre Branch\BranAn00,DE,MIA,$2900000
251,Steve McLendon\McLeSt00,DT,NYJ,$2875000
252,Brett Kern\KernBr20,P,TEN,$2800000
,Virgil Green\GreeVi00,TE,DEN,$2800000
,Domata Peko\PekoDo20,DT,DEN,$2800000
,Justin Tucker\TuckJu00,K,BAL,$2800000
,Colt McCoy\McCoCo00,QB,WAS,$2800000
,Kevin Huber\HubeKe20,P,CIN,$2800000
258,Adam Vinatieri\vinatada01,K,IND,$2750000
,Reggie Nelson\NelsRe99,DB,OAK,$2750000
,Chris Clark\ClarCh21,T,HOU,$2750000
,Luke Joeckel\JoecLu00,OT,SEA,$2750000
,Kayvon Webster\WebsKa00,CB,LAR,$2750000
,Jonathan Casillas\CasiJo99,LB,NYG,$2750000
,William Hayes\HayeWi99,DE,MIA,$2750000
,Corey Peters\PeteCo00,DT,ARI,$2750000
266,Brandon McManus\McMaBr01,K,DEN,$2746000
,Isaiah Crowell\CrowIs00,RB,CLE,$2746000
,Andrew Norwell\NorwAn01,G,CAR,$2746000
,Taylor Gabriel\GabrTa00,WR,ATL,$2746000
,Adam Thielen\ThieAd00,WR,MIN,$2746000
,Todd Davis\DaviTo01,LB,DEN,$2746000
,Marcus Williams\WillMa03,CB,2TM,$2746000
,Dontrelle Inman\InmaDo00,WR,2TM,$2746000
,Trey Burton\BurtTr01,TE,PHI,$2746000
,Wesley Johnson\JohnWe00,OT,NYJ,$2746000
276,Travis Kelce\KelcTr00,TE,KAN,$2700000
,Stephen Gostkowski\GostSt20,K,NWE,$2700000
278,Ramon Foster\FostRa21,T,PIT,$2675000
279,Dante Fowler\FowlDa00,OLB,JAX,$2570478
280,Drew Stanton\StanDr00,QB,ARI,$2550000
,Dre Kirkpatrick\KirkDr00,CB,CIN,$2550000
282,Brandon Marshall\MarsBr01,OLB,DEN,$2500000
,Jared Cook\CookJa02,TE,OAK,$2500000
,Jarius Wright\WrigJa02,WR,MIN,$2500000
,Patrick Chung\ChunPa99,DB,NWE,$2500000
,Ronald Leary\LearRo00,G,DEN,$2500000
,Donald Stephenson\StepDo00,T,DEN,$2500000
,Jamar Taylor\TaylJa01,CB,CLE,$2500000
,Dwayne Allen\AlleDw00,TE,NWE,$2500000
,Abry Jones\JoneAb00,DT,JAX,$2500000
,Chris Hogan\HogaCh00,WR,NWE,$2500000
,Morris Claiborne\ClaiMo00,CB,NYJ,$2500000
,Cordarrelle Patterson\PattCo00,WR,OAK,$2500000
,Quintin Demps\DempQu99,DB,CHI,$2500000
,Jabaal Sheard\SheaJa00,DL,IND,$2500000
296,Dwayne Harris\HarrDw00,WR,NYG,$2475000
297,Zane Beadles\BeadZa20,T,SFO,$2450000
,Emmanuel Lamur\LamuEm00,LB,MIN,$2450000
299,Johnny Hekker\HekkJo00,P,LAR,$2444444
300,Ryan Succop\SuccRy44,K,TEN,$2400000
,Marquette King\KingMa00,P,OAK,$2400000
,Da'Norris Searcy\SearDa00,DB,TEN,$2400000
,Terence Newman\NewmTe20,DB,MIN,$2400000
304,Micah Hyde\HydeMi00,CB,BUF,$2300000
,Tom Johnson\JohnTo01,DT,MIN,$2300000
,Sam Koch\KochSa20,P,BAL,$2300000
307,Brian Cushing\CushBr99,LB,HOU,$2264706
308,Lane Taylor\TaylLa01,G,GNB,$2250000
,Vincent Rey\ReyxVi00,LB,CIN,$2250000
,Elvis Dumervil\DumeEl20,DE,SFO,$2250000
,Arthur Moats\MoatAr00,LB,PIT,$2250000
,James Hanna\HannJa00,TE,DAL,$2250000
,Stacy McGee\McGeSt01,DT,WAS,$2250000
,Chad Henne\HennCh01,QB,JAX,$2250000
,Terrell McClain\McClTe00,DL,WAS,$2250000
316,Sam Martin\MartSa01,P,DET,$2225000
317,Jermaine Kearse\KearJe01,WR,NYJ,$2200000
,Matthew Bosher\BoshMa00,P,ATL,$2200000
,Wesley Woodyard\WoodWe20,LB,TEN,$2200000
320,Anthony Barr\BarrAn00,OLB,MIN,$2157750
321,Shane Vereen\VereSh00,RB,NYG,$2150000
322,J.J. Wilcox\WilcJ.00,S,PIT,$2125000
323,Vance McDonald\McDoVa00,TE,PIT,$2100000
,Mike Daniels\DaniMi00,DT,GNB,$2100000
325,D.J. Hayden\HaydDJ00,CB,DET,$2000000
,Brice McCain\McCaBr99,DB,TEN,$2000000
,Vince Williams\WillVi01,ILB,PIT,$2000000
,Kyle Juszczyk\JuszKy00,FB,SFO,$2000000
,Vernon Davis\DaviVe00,TE,WAS,$2000000
,Matt Slauson\SlauMa20,G,LAC,$2000000
,Robert Alford\AlfoRo00,CB,ATL,$2000000
,Jermaine Gresham\GresJe00,TE,ARI,$2000000
,Jonathan Cyprien\CyprJo00,SS,TEN,$2000000
,Antoine Bethea\BethAn20,DB,ARI,$2000000
,Dion Sims\SimsDi00,TE,CHI,$2000000
,D.J. Swearinger\SweaDJ00,FS,WAS,$2000000
,Brynden Trawick\TrawBr00,S,TEN,$2000000
,Danny Trevathan\TrevDa00,OLB,CHI,$2000000
,William Gay\GayxWi99,DB,PIT,$2000000
,Sylvester Williams\WillSy00,DT,TEN,$2000000
,J.C. Tretter\TretJC00,OG,CLE,$2000000
,Phil Dawson\dawsophi01,K,ARI,$2000000
,Ted Ginn\GinnTe00,WR,NOR,$2000000
,Paul Worrilow\WorrPa00,LB,DET,$2000000
,Brandon Carr\CarrBr99,DB,BAL,$2000000
,Ben Ijalana\IjalBe00,OL,NYJ,$2000000
,Josh Robinson\RobiJo01,CB,TAM,$2000000
,Connor Barwin\BarwCo99,DE,LAR,$2000000
,Lorenzo Alexander\AlexLo99,DT,BUF,$2000000
,Clinton McDonald\McDoCl99,DT,TAM,$2000000
,Justin Bethel\BethJu00,CB,ARI,$2000000
352,Taylor Lewan\LewaTa00,OT,TEN,$1986136
353,Kenny Stills\StilKe00,WR,MIA,$1975000
354,Marcus Sherels\SherMa20,DB,MIN,$1950000
,Marquise Goodwin\GoodMa00,WR,SFO,$1950000
,Ed Dickson\DickEd00,TE,CAR,$1950000
357,Brad Nortman\NortBr00,P,JAX,$1900000
,Landry Jones\JoneLa02,QB,PIT,$1900000
,Kurt Coleman\ColeKu99,LB,CAR,$1900000
,Everson Griffen\GrifEv99,DE,MIN,$1900000
361,Odell Beckham\BeckOd00,WR,NYG,$1839027
362,Aaron Donald\DonaAa00,DT,LAR,$1802250
363,Rex Burkhead\BurkRe00,RB,NWE,$1800000
364,John Brown\BrowJo02,WR,ARI,$1797000
,Avery Williamson\WillAv00,ILB,TEN,$1797000
,Kevin Pamphile\PampKe00,OT,TAM,$1797000
,Shamar Stephen\StepSh00,DT,MIN,$1797000
,Russell Bodine\BodiRu00,OG,CIN,$1797000
,Anthony Hitchens\HitcAn00,OLB,DAL,$1797000
,Justin Ellis\ElliJu01,DT,OAK,$1797000
,Aaron Colvin\ColvAa00,CB,JAX,$1797000
,Damien Williams\WillDa05,RB,MIA,$1797000
,Chris Hubbard\HubbCh00,G,PIT,$1797000
,Michael Thomas\ThomMi02,S,MIA,$1797000
,DaQuan Jones\JoneDa04,DT,TEN,$1797000
,Kerry Wynn\WynnKe00,DE,NYG,$1797000
,Ryan Jensen\JensRy00,T,BAL,$1797000
,Cameron Fleming\FlemCa00,OT,NWE,$1797000
,Terrance West\WestTe00,RB,BAL,$1797000
,Charles Leno\LenoCh00,OG,CHI,$1797000
,Bashaud Breeland\BreeBa00,CB,WAS,$1797000
,Aaron Lynch\LyncAa00,DE,SFO,$1797000
,T.J. Carrie\CarrTr00,CB,OAK,$1797000
,Denico Autry\AutrDe00,DE,OAK,$1797000
,Andre Hal\HalxAn00,CB,HOU,$1797000
,Corey Linsley\LinsCo00,C,GNB,$1797000
,Nevin Lawson\LawsNe00,CB,DET,$1797000
,Telvin Smith\SmitTe01,ILB,JAX,$1797000
,Maurice Alexander\AlexMa00,SS,LAR,$1797000
,Michael Schofield\SchoMi00,OT,LAC,$1797000
,Albert Wilson\WilsAl02,WR,KAN,$1797000
,Devon Kennard\KennDe00,OLB,NYG,$1797000
,William Compton\CompWi00,LB,WAS,$1797000
,E.J. Gaines\GainE.00,CB,BUF,$1797000
,Korey Toomer\ToomKo00,ILB,LAC,$1797000
,Donte Moncrief\MoncDo00,WR,IND,$1797000
397,Zach Fulton\FultZa00,OG,KAN,$1788500
398,Richard Rodgers\RodgRi00,TE,GNB,$1787000
,Spencer Long\LongSp00,OG,WAS,$1787000
400,Travis Swanson\SwanTr00,C,DET,$1772000
401,Preston Brown\BrowPr00,ILB,BUF,$1762000
402,Joe Hawley\HawlJo20,G,TAM,$1750000
,Allen Barbre\BarbAl20,T,DEN,$1750000
,Niles Paul\PaulNi00,WR,WAS,$1750000
,Matt Moore\MoorMa01,QB,MIA,$1750000
,Matt Cassel\CassMa00,QB,TEN,$1750000
,Scott Tolzien\TolzSc00,QB,IND,$1750000
,Ryan Fitzpatrick\FitzRy00,QB,TAM,$1750000
,Alan Branch\BranAl99,DT,NWE,$1750000
410,Ereck Flowers\FlowEr00,OT,NYG,$1743338
411,Kyle Fuller\FullKy00,CB,CHI,$1740955
412,Jared Goff\GoffJa00,QB,LAR,$1719894
413,Ryan Shazier\ShazRy00,OLB,PIT,$1716438
414,Zach Strief\StriZa20,G,NOR,$1700000
,Larry Warford\WarfLa00,OG,NOR,$1700000
,A.J. Klein\KleiAJ00,ILB,NOR,$1700000
,Ryan Hewitt\HewiRy00,FB,CIN,$1700000
,Luke Stocker\StocLu00,TE,2TM,$1700000
,Max Unger\UngeMa20,C,NOR,$1700000
420,Todd Gurley\GurlTo01,RB,LAR,$1691653
421,Carson Wentz\WentCa00,QB,PHI,$1662561
422,Earl Mitchell\MitcEa99,DT,SFO,$1650000
,Josh Hill\HillJo02,TE,NOR,$1650000
,Britton Colquitt\ColqBr00,P,CLE,$1650000
425,Zack Martin\MartZa00,OT,DAL,$1642882
426,C.J. Mosley\MoslC.00,ILB,BAL,$1618365
427,Trae Waynes\WaynTr00,CB,MIN,$1611761
428,Giovani Bernard\BernGi00,RB,CIN,$1600000
,Steven Hauschka\HausSt00,K,BUF,$1600000
430,Eric Ebron\EbroEr00,TE,DET,$1590337
431,Calvin Pryor\PryoCa00,FS,JAX,$1587716
432,Ezekiel Elliott\ElliEz00,RB,DAL,$1584379
433,Ja'Wuan James\JameJa01,OT,MIA,$1569327
434,Derek Anderson\AndeDe00,QB,CAR,$1550000
,Zach Brown\BrowZa00,OLB,WAS,$1550000
,Garrett Celek\CeleGa00,TE,SFO,$1550000
,Josh Martin\MartJo02,LB,NYJ,$1550000
438,Desmond Trufant\TrufDe00,CB,ATL,$1526000
439,Austin Howard\HowaAu20,T,BAL,$1525000
440,Jalen Ramsey\RamsJa00,FS,JAX,$1511409
441,Jason McCourty\McCoJa99,DB,CLE,$1500000
,Lerentee McCray\McCrLe01,LB,JAX,$1500000
,Jahleel Addae\AddaJa00,S,LAC,$1500000
,Chris Hairston\HairCh00,OL,LAC,$1500000
,Alejandro Villanueva\VillAl00,OL,PIT,$1500000
,Duron Harmon\HarmDu00,FS,NWE,$1500000
,Ryan Groy\GroyRy00,OG,BUF,$1500000
,Robbie Gould\gouldrob01,K,SFO,$1500000
,Jamize Olawale\OlawJa00,FB,OAK,$1500000
,Benson Mayowa\MayoBe00,DE,DAL,$1500000
,Menelik Watson\WatsMe00,OT,DEN,$1500000
,Barkevious Mingo\MingBa00,OLB,IND,$1500000
,John Simon\SimoJo01,DE,IND,$1500000
,Anthony Fasano\FasaAn00,TE,MIA,$1500000
,Chris Conte\ContCh00,DB,TAM,$1500000
,Keenan Robinson\RobiKe01,OLB,NYG,$1500000
,Bryan Anger\AngeBr00,P,TAM,$1500000
,Davon House\HousDa00,DB,GNB,$1500000
,Shane Lechler\LechSh20,P,HOU,$1500000
,Zach Miller\MillZa02,TE,CHI,$1500000
,Jordan Poyer\PoyeJo00,CB,BUF,$1500000
,Mike Gillislee\GillMi00,RB,NWE,$1500000
,Kelvin Beachum\BeacKe00,T,NYJ,$1500000
,D.J. Fluker\FlukDJ00,OT,NYG,$1500000
,Levine Toilolo\ToilLe00,TE,ATL,$1500000
466,Danny Shelton\ShelDa01,DT,CLE,$1498970
467,Jermon Bushrod\BushJe20,T,MIA,$1475000
468,Deone Bucannon\BucaDe00,SS,ARI,$1471255
469,Jeff Heath\HeatJe00,S,DAL,$1471000
470,Andrus Peat\PeatAn00,OT,NOR,$1470773
471,Robert Golden\GoldRo00,S,PIT,$1465000
472,Matt Bryant\bryanmat01,K,ATL,$1450000
473,DeVante Parker\ParkDe01,WR,MIA,$1423776
474,Melvin Gordon\GordMe00,RB,LAC,$1404980
475,Josh Kline\KlinJo01,OL,TEN,$1400000
,Garry Gilliam\GillGa01,T,SFO,$1400000
,Jurrell Casey\CaseJu00,DL,TEN,$1400000
,Alex Boone\BoonAl21,T,ARI,$1400000
,Nate Allen\AlleNa99,DB,MIA,$1400000
,Mike Remmers\RemmMi00,T,MIN,$1400000
481,Ronnie Stanley\StanRo00,OT,BAL,$1381106
482,Greg Zuerlein\ZuerGr00,K,LAR,$1375000
483,Eddie Lacy\LacyEd00,RB,SEA,$1365000
484,Teddy Bridgewater\BridTe00,QB,MIN,$1354023
485,Marshawn Lynch\LyncMa00,RB,OAK,$1350000
,Eric Decker\DeckEr00,WR,TEN,$1350000
,Erik Walden\WaldEr99,DE,TEN,$1350000
,Nathan Stupar\StupNa01,OLB,NOR,$1350000
,Marcus Cannon\CannMa00,OL,NWE,$1350000
,Jordan Mills\MillJo02,OT,BUF,$1350000
,Michael Hoomanawanui\HoomMi00,TE,NOR,$1350000
492,Kevin Johnson\JohnKe04,CB,HOU,$1348583
493,Arik Armstead\ArmsAr01,DE,SFO,$1329785
494,Marcus Peters\PeteMa00,CB,KAN,$1306287
495,Patrick DiMarco\DiMaPa00,FB,BUF,$1300000
,Andre Roberts\RobeAn00,WR,ATL,$1300000
,Johnson Bademosi\BadeJo00,DB,NWE,$1300000
,T.J. Johnson\JohnTJ00,C,CIN,$1300000
,Nick Perry\PerrNi00,DE,GNB,$1300000
,Sean Lee\LeexSe99,LB,DAL,$1300000
501,Devonta Freeman\FreeDe00,RB,ATL,$1297000
,Morgan Moses\MoseMo00,OT,WAS,$1297000
503,Travis Frederick\FredTr00,C,DAL,$1296000
504,Cameron Erving\ErviCa00,OT,KAN,$1292188
505,Nelson Agholor\AghoNe00,WR,PHI,$1287489
506,Cedric Ogbuehi\OgbuCe00,OT,CIN,$1282789
507,Ethan Westbrooks\WestEt00,DE,LAR,$1282175
508,DeForest Buckner\BuckDe00,DE,SFO,$1276863
509,Tyron Smith\SmitTy00,OT,DAL,$1275000
,Senio Kelemete\KeleSe00,T,NOR,$1275000
511,Bud Dupree\DuprAl00,DE,PIT,$1273390
512,Shane Ray\RayxSh00,DE,DEN,$1263991
513,Tyler Bray\BrayTy00,QB,KAN,$1252500
514,Ben Watson\WatsBe00,TE,BAL,$1250000
,Chris Maragos\MaraCh99,DB,PHI,$1250000
,Kyle Wilber\WilbKy00,OLB,DAL,$1250000
,Andre Smith\SmitAn23,T,CIN,$1250000
,Michael Brockers\BrocMi00,DT,LAR,$1250000
,Daren Bates\BateDa00,LB,TEN,$1250000
,Jack Crawford\CrawJa00,DE,ATL,$1250000
,Brandon LaFell\LaFeBr00,WR,CIN,$1250000
,Danny Amendola\AmenDa00,WR,NWE,$1250000
,Tyson Alualu\AluaTy99,DT,PIT,$1250000
,Jason Pierre-Paul\PierJa99,DE,NYG,$1250000
,Aldrick Robinson\RobiAl00,WR,SFO,$1250000
,Donnie Jones\JoneDo21,P,PHI,$1250000
,Al Woods\WoodAl99,DT,IND,$1250000
,Joe Haden\HadeJo99,DB,PIT,$1250000
,Kendall Wright\WrigKe01,WR,CHI,$1250000
,Karl Klug\KlugKa00,DL,TEN,$1250000
,Akeem Spence\SpenAk00,DT,DET,$1250000
,Kemal Ishmael\IshmKe00,DB,ATL,$1250000
,Dont'a Hightower\HighDo01,ILB,NWE,$1250000
534,D.J. Humphries\HumpD.00,OT,ARI,$1245192
535,Cornelius Washington\WashCo00,DE,DET,$1237500
536,Shaq Thompson\ThomSh01,OLB,CAR,$1235793
537,Breshad Perriman\PerrBr02,WR,BAL,$1226392
538,Mason Foster\FostMa00,LB,WAS,$1225000
539,Byron Jones\JoneBy00,CB,DAL,$1216995
540,Laken Tomlinson\TomlLa01,OG,SFO,$1212296
541,Harry Douglas\DougHa00,WR,TEN,$1200000
,Ryan Allen\AlleRy01,P,NWE,$1200000
,Dion Lewis\LewiDi00,RB,NWE,$1200000
,Marcus Gilchrist\GilcMa00,DB,HOU,$1200000
,Alfred Morris\MorrAl00,RB,DAL,$1200000
,Darrius Heyward-Bey\HeywDa00,WR,PIT,$1200000
547,Xavier Su'a-Filo\Sua-Xa00,OG,HOU,$1177036
548,Phillip Dorsett\DorsPh00,WR,NWE,$1174583
549,Jack Conklin\ConkJa00,OT,TEN,$1172621
550,Demarcus Lawrence\LawrDe00,DE,DAL,$1170907
551,Leonard Floyd\FloyLe00,OLB,CHI,$1167403
552,Damarious Randall\RandDa00,FS,GNB,$1154612
553,Jahri Evans\EvanJa21,T,GNB,$1150000
,Eric Wood\WoodEr20,C,BUF,$1150000
,Linval Joseph\JoseLi99,DT,MIN,$1150000
556,Eli Apple\ApplEl00,CB,NYG,$1138742
557,Malcom Brown\BrowMa01,DT,NWE,$1127112
558,Marqise Lee\LeexMa00,WR,JAX,$1125549
559,Brad Wing\WingBr00,P,NYG,$1125000
560,Cody Davis\DaviCo02,S,LAR,$1111111
561,Lamarcus Joyner\JoynLa00,CB,LAR,$1105934
562,Craig Robertson\RobeCr00,LB,NOR,$1105000
563,DeAngelo Hall\HallDe99,DB,WAS,$1100000
,Margus Hunt\HuntMa00,DE,IND,$1100000
,Jacquizz Rodgers\RodgJa00,RB,TAM,$1100000
,Tress Way\WayxTr00,P,WAS,$1100000
,Anthony Sherman\SherAn00,RB,KAN,$1100000
,L.P. Ladouceur\LadoL.20,DE,DAL,$1100000
,Tank Carradine\CarrCo00,DE,SFO,$1100000
,David DeCastro\DeCaDa00,G,PIT,$1100000
,Demetrius Harris\HarrDe03,TE,KAN,$1100000
,Russell Shepard\ShepRu00,WR,CAR,$1100000
,Jonathan Stewart\StewJo00,RB,CAR,$1100000
574,Jordan Matthews\MattJo00,WR,BUF,$1094900
575,Vernon Hargreaves\HargVe00,CB,TAM,$1094439
576,Weston Richburg\RichWe00,C,NYG,$1085093
577,Eddie Pleasant\PleaEd00,SS,HOU,$1078000
578,Theo Riddick\RiddTh00,RB,DET,$1075000
,Kiko Alonso\AlonKi00,ILB,MIA,$1075000
580,Josh Gordon\GordJo02,WR,CLE,$1068406
581,Paul Richardson\RichPa01,WR,SEA,$1062659
582,DeShawn Shead\SheaDe00,DB,SEA,$1050000
,Marshall Newhouse\NewhMa20,GT,OAK,$1050000
584,Sheldon Rankins\RankSh00,DT,NOR,$1031893
585,Bradley Roby\RobyBr00,CB,DEN,$1018072
586,Timmy Jernigan\JernTi00,DT,PHI,$1017284
587,Laremy Tunsil\TunsLa00,OT,MIA,$1016257
588,Stephone Anthony\AnthSt00,ILB,MIA,$1004015
589,Justin Durant\DuraJu99,LB,DAL,$1000000
,Alshon Jeffery\JeffAl00,WR,PHI,$1000000
,Willie Young\YounWi99,DE,CHI,$1000000
,Breno Giacomini\GiacBr20,G,HOU,$1000000
,Christian Jones\JoneCh05,ILB,CHI,$1000000
,Stephon Tuitt\TuitSt00,DT,PIT,$1000000
,Don Muhlbach\MuhlDo20,C,DET,$1000000
,Lee Smith\SmitLe00,TE,OAK,$1000000
,Kamar Aiken\AikeKa00,WR,IND,$1000000
,Terrance Williams\WillTe01,WR,DAL,$1000000
,Mason Crosby\CrosMa20,K,GNB,$1000000
,Chris Long\LongCh99,DE,PHI,$1000000
,Jon Ryan\RyanJo21,P,SEA,$1000000
,Derrick Johnson\JohnDe25,LB,KAN,$1000000
,Zak DeOssie\DeOsZa99,LB,NYG,$1000000
,Tom Brady\BradTo00,QB,NWE,$1000000
,Adrian Peterson\PeteAd01,RB,2TM,$1000000
,Kasim Edebali\EdebKa00,OLB,2TM,$1000000
,Stephen Paea\PaeaSt00,DT,DAL,$1000000
,Tyvon Branch\BranTy99,DB,ARI,$1000000
,Julius Peppers\PeppJu99,DE,CAR,$1000000
,Anthony Castonzo\CastAn00,OL,IND,$1000000
,Matthew Stafford\StafMa00,QB,DET,$1000000
,Danny Woodhead\WoodDa02,RB,BAL,$1000000
,Darius Butler\ButlDa99,DB,IND,$1000000
,Tramon Williams\WillTr99,DB,ARI,$1000000
,Jack Doyle\DoylJa00,TE,IND,$1000000
,Joe Berger\BergJo20,T,MIN,$1000000
,Andy Lee\LeexAn20,P,ARI,$1000000
,Mitch Unrein\UnreMi00,DT,CHI,$1000000
,Jonathan Cooper\CoopJo01,OG,DAL,$1000000
,Ryan Schraeder\SchrRy00,T,ATL,$1000000
,Brandon Fusco\FuscBr00,OL,SFO,$1000000
,Jon Condo\CondJo20,LB,OAK,$1000000
,Nick Folk\FolkNi20,K,TAM,$1000000
,Zach Kerr\KerrZa00,NT,DEN,$1000000
,Nolan Carroll\CarrNo00,DB,DAL,$1000000
,John Kuhn\KuhnJo00,FB,NOR,$1000000
,Ahmad Brooks\BrooAh21,LB,GNB,$1000000
,Keenan Allen\AlleKe00,WR,LAC,$1000000
,Charles Johnson\JohnCh98,DE,CAR,$1000000
,Brock Coyle\CoylBr00,LB,SFO,$1000000
,Lawrence Timmons\TimmLa99,LB,MIA,$1000000
,Dekoda Watson\WatsDe99,LB,SFO,$1000000
,Matt Kalil\KaliMa00,OT,CAR,$1000000
,Frostee Rucker\RuckFr99,DE,ARI,$1000000
,Nick Foles\FoleNi00,QB,PHI,$1000000
,Corey Graham\GrahCo99,DB,PHI,$1000000
,Kelvin Benjamin\BenjKe00,WR,2TM,$1000000
,Ross Cockrell\CockRo00,CB,NYG,$1000000
,Pat Sims\SimsPa99,DT,CIN,$1000000
,Ryan Mallett\MallRy00,QB,BAL,$1000000
,Sherrick McManis\McMaSh99,DB,CHI,$1000000
,Karlos Dansby\DansKa20,LB,ARI,$1000000
,La'el Collins\CollLa01,OT,DAL,$1000000
,Daniel Kilgore\KilgDa00,OL,SFO,$1000000
,Mike Adams\AdamMi21,DB,CAR,$1000000
,Luke Willson\WillLu00,TE,SEA,$1000000
,Byron Bell\BellBy00,T,DAL,$1000000
,Brian Winters\WintBr00,OG,NYJ,$1000000
,Eric Weems\WeemEr00,WR,TEN,$1000000
,Tom Compton\CompTo00,T,CHI,$1000000
,David Harris\HarrDa99,LB,NWE,$1000000
,Mario Addison\AddiMa00,DE,CAR,$1000000
,Beau Brinkley\BrinBe00,LSTE,TEN,$1000000
,Jeremy Maclin\MaclJe00,WR,BAL,$1000000
,Lance Dunbar\DunbLa00,RB,LAR,$1000000
,Kellen Clemens\ClemKe00,QB,LAC,$1000000
657,Jeremiah Attaochu\AttaJe00,OLB,LAC,$993150
658,Landon Collins\CollLa00,SS,NYG,$991415
659,Kyle Van Noy\VanNKy00,OLB,NWE,$990741
660,Karl Joseph\JoseKa00,SS,OAK,$990196
661,Darqueze Dennard\DennDa00,CB,CIN,$988032
662,Donovan Smith\SmitDo02,OT,TAM,$986715
663,Mario Edwards\EdwaMa01,DE,OAK,$982015
664,Corey Coleman\ColeCo00,WR,CLE,$979773
665,Ted Larsen\LarsTe20,C,MIA,$975000
,Don Carey\CareDo00,DB,DET,$975000
,Kyle Nelson\NelsKy00,TE,SFO,$975000
,Rhett Ellison\ElliRh00,FB,NYG,$975000
669,T.J. Yeldon\YeldT.00,RB,JAX,$972617
670,Troy Niklas\NiklTr00,TE,ARI,$968632
671,Preston Smith\SmitPr00,DE,WAS,$960395
672,Dee Ford\FordDe00,DE,KAN,$957704
673,Davante Adams\AdamDa01,WR,GNB,$956373
674,Eddie Goldman\GoldEd00,DT,CHI,$951938
675,Derek Carrier\CarrDe00,WR,LAR,$950000
,Jayrone Elliott\ElliJa02,LB,DAL,$950000
,Reshad Jones\JoneRe99,DB,MIA,$950000
,Case Keenum\KeenCa00,QB,MIN,$950000
679,Taylor Decker\DeckTa00,OT,DET,$948499
680,T.J. McDonald\McDoTJ00,FS,MIA,$944445
681,Keanu Neal\NealKe01,FS,ATL,$938075
682,Austin Seferian-Jenkins\SefeAu00,TE,NYJ,$936690
683,Alex Okafor\OkafAl00,DE,NOR,$935000
684,Cody Latimer\LatiCo00,WR,DEN,$925725
685,Ryan Kelly\KellRy00,C,IND,$925045
686,John Jerry\JerrJo20,G,NYG,$925000
687,Benardrick McKinney\McKiBe00,ILB,HOU,$920921
688,Shaq Lawson\LawsSh00,DE,BUF,$917226
689,Darron Lee\LeexDa00,OLB,NYJ,$914620
690,Hau'oli Kikaha\KikaHa00,OLB,NOR,$913755
691,Will Fuller\FullWi01,WR,HOU,$912014
692,Antonio Brown\BrowAn04,WR,PIT,$910000
693,Jack Mewhort\MewhJa00,OT,IND,$907337
694,Josh Doctson\DoctJo00,WR,WAS,$906802
695,Eric Kendricks\KendEr00,ILB,MIN,$903720
696,Laquon Treadwell\TreaLa00,WR,MIN,$901590
697,Tramaine Brock\BrocTr00,DB,MIN,$900000
,Tavon Wilson\WilsTa00,FS,DET,$900000
,Connor Barth\barthco01,K,CHI,$900000
,Jon Weeks\WeekJo00,C,HOU,$900000
,Nick Sundberg\SundNi00,C,WAS,$900000
,Alterraun Verner\VernAl99,DB,MIA,$900000
,Garrison Sanborn\SanbGa00,C,TAM,$900000
,Latavius Murray\MurrLa00,RB,MIN,$900000
,J.J. Jansen\JansJ.00,C,CAR,$900000
,Brett Goode\GoodBr99,LB,GNB,$900000
,Chandler Catanzaro\CataCh00,K,NYJ,$900000
,Martellus Bennett\BennMa00,TE,2TM,$900000
,Sam Young\YounSa21,T,MIA,$900000
,Lamarr Houston\HousLa99,DT,2TM,$900000
,Jamaal Charles\CharJa00,RB,DEN,$900000
,Lawrence Guy\GuyxLa00,DT,NWE,$900000
,John Sullivan\SullJo24,C,LAR,$900000
,Matt Slater\SlatMa00,WR,NWE,$900000
,Evander Hood\HoodEv99,DT,WAS,$900000
,Frank Zombo\ZombFr00,LB,KAN,$900000
,Brandon Tate\TateBr00,WR,BUF,$900000
,Roy Miller\MillRo99,DT,KAN,$900000
,Blaine Gabbert\GabbBl00,QB,ARI,$900000
,Glover Quin\QuinGl99,DB,DET,$900000
,Colt Anderson\AndeCo01,DB,BUF,$900000
,Caleb Sturgis\SturCa00,K,PHI,$900000
,John Denney\DennJo20,DE-C,MIA,$900000
,Chase Daniel\DaniCh00,QB,NOR,$900000
,Darren McFadden\McFaDa00,RB,DAL,$900000
,Mike Windt\WindMi00,C,LAC,$900000
,Lardarius Webb\WebbLa99,DB,BAL,$900000
,Rey Maualuga\MauaRe99,LB,MIA,$900000
,Eric Berry\BerrEr99,DB,KAN,$900000
,Mike Tolbert\TolbMi00,RB,BUF,$900000
,Anthony Levine\LeviAn00,S,BAL,$900000
,Captain Munnerlyn\MunnCa99,DB,CAR,$900000
,Ramon Humber\HumbRa00,LB,BUF,$900000
,Kendall Langford\LangKe98,DE,HOU,$900000
,Joe Webb\WebbJo00,WR,BUF,$900000
,LeGarrette Blount\BlouLe00,RB,PHI,$900000
,Morgan Cox\CoxxMo00,C,BAL,$900000
,Demario Davis\DaviDe00,OLB,NYJ,$900000
,Phillip Supernaw\SupePh00,TE,TEN,$900000
740,Allen Robinson\RobiAl02,WR,JAX,$898755
741,Jarvis Landry\LandJa00,WR,MIA,$893852
742,Justin Britt\BritJu00,OT,SEA,$891400
743,William Jackson\JackWi02,CB,CIN,$891166
744,Michael Floyd\FloyMi00,WR,MIN,$887058
745,Artie Burns\BurnAr00,CB,PIT,$885954
746,Darryl Tapp\TappDa20,DE,TAM,$882353
747,Jeremy Hill\HillJe01,RB,CIN,$881855
748,Paxton Lynch\LyncPa00,QB,DEN,$880741
749,Eric Rowe\RoweEr00,CB,NWE,$878623
750,Kenny Clark\ClarKe01,DT,GNB,$875529
751,Ryan Griffin\GrifRy00,TE,HOU,$875000
752,Jason Verrett\VerrJa00,CB,LAC,$860000
753,Colton Schmidt\SchmCo00,P,BUF,$850000
,LaRoy Reynolds\ReynLa00,LB,ATL,$850000
,Chris Banjo\BanjCh00,S,NOR,$850000
,Nate Palmer\PalmNa01,LB,TEN,$850000
,Vlad Ducasse\DucaVl20,G,BUF,$850000
,Matt Tobin\TobiMa00,T,SEA,$850000
,Fozzy Whittaker\WhitFo00,RB,CAR,$850000
,Manti Te'o\TeoxMa00,ILB,NOR,$850000
761,Chris Johnson\JohnCh04,RB,ARI,$847059
762,Nate Orchard\OrchNa00,OLB,CLE,$841028
763,Robert Nkemdiche\NkemRo00,DT,ARI,$840936
764,Keith Tandy\TandKe00,S,TAM,$840000
765,Devin Funchess\FuncDe00,WR,CAR,$836900
766,Mitch Morse\MorsMi00,OT,KAN,$834826
767,Denzel Perryman\PerrDe00,ILB,LAC,$831724
768,Vernon Butler\ButlVe00,DT,CAR,$831660
769,Jordan Phillips\PhilJo01,DT,MIA,$831628
770,Germain Ifedi\IfedGe00,OT,SEA,$825687
771,Nate Ebner\EbneNa00,DB,NWE,$825000
772,Carlos Hyde\HydeCa00,RB,SFO,$822047
773,Jimmy Garoppolo\GaroJi00,QB,SFO,$820077
774,Kony Ealy\EalyKo00,DE,NYJ,$803660
775,Maxx Williams\WillMa04,TE,BAL,$803431
776,Ronald Darby\DarbRo00,CB,PHI,$800426
777,Neiko Thorpe\ThorNe00,DB,SEA,$800000
,Lance Kendricks\KendLa00,TE,GNB,$800000
,Bradley McDougald\McDoBr01,FS,SEA,$800000
,LaAdrian Waddle\WaddLa01,T,NWE,$800000
,Joe Looney\LoonJo01,G,DAL,$800000
,Kevin Minter\MintKe00,ILB,CIN,$800000
,Shareece Wright\WrigSh00,DB,BUF,$800000
,James Develin\DeveJa00,RB,NWE,$800000
,Robert Turbin\TurbRo00,RB,IND,$800000
,Andre Holmes\HolmAn00,WR,BUF,$800000
,Chris Jones\JoneCh02,P,DAL,$800000
,Brice Butler\ButlBr00,WR,DAL,$800000
,Blair Walsh\WalsBl00,K,SEA,$800000
,Michael Wilhoite\WilhMi00,LB,SEA,$800000
,Sealver Siliga\SiliSe00,DT,TAM,$800000
792,Trai Turner\TurnTr01,OG,CAR,$797000
793,Rob Havenstein\HaveRo00,OT,LAR,$795911
794,Ricky Jean-Francois\JeanRi99,DT,2TM,$794118
795,Billy Turner\TurnBi00,OT,DEN,$794000
796,Jaquiski Tartt\TartJa00,SS,SFO,$792910
797,Markus Golden\GoldMa00,OLB,ARI,$791212
798,Ty Sambrailo\SambTy00,OT,ATL,$784633
799,Brandin Cooks\CookBr00,WR,NWE,$781599
800,Josh Harris\HarrJo02,LS,ATL,$780000
801,Ha Ha Clinton-Dix\ClinHa00,FS,GNB,$778534
802,Quinten Rollins\RollQu00,CB,GNB,$775233
803,Quinton Dial\DialQu00,DE,GNB,$775001
804,Wes Horton\HortWe00,DE,CAR,$775000
,Sam Acho\AchoSa00,OLB,CHI,$775000
,Randy Bullock\BullRa00,K,CIN,$775000
,Dennis Kelly\KellDe00,OT,TEN,$775000
,Bruce Carter\CartBr00,LB,NYJ,$775000
,Cameron Heyward\HeywCa01,DE,PIT,$775000
,Amini Silatolu\SilaAm00,T,CAR,$775000
,Brock Osweiler\OsweBr00,QB,DEN,$775000
,Jordan Todman\TodmJo00,RB,HOU,$775000
,Josh LeRibeus\LeRiJo00,G,NOR,$775000
,Rafael Bush\BushRa00,S,NOR,$775000
,Oday Aboushi\AbouOd00,OT,SEA,$775000
,Tyrunn Walker\WalkTy00,DL,LAR,$775000
,Andre Ellington\ElliAn00,RB,2TM,$775000
,Ryan Davis\DaviRy00,DE,BUF,$775000
,Darryl Morris\MorrDa01,CB,NYG,$775000
,J.T. Thomas\ThomJ.02,LB,NYG,$775000
,Jake McQuaide\McQuJa00,LS,LAR,$775000
,Benny Cunningham\CunnBe01,RB,CHI,$775000
,Tony Bergstrom\BergTo00,OT,2TM,$775000
,Blidi Wreh-Wilson\WrehBl00,CB,ATL,$775000
,Courtney Upshaw\UpshCo00,OLB,ATL,$775000
,Robert McClain\McClRo98,DB,TAM,$775000
,Kevin McDermott\McDeKe00,LS,MIN,$775000
,Brian Schwenke\SchwBr00,C,TEN,$775000
,EJ Manuel\ManuEJ00,QB,OAK,$775000
,Ben Jacobs\JacoBe00,LB,CAR,$775000
,Nickell Robey-Coleman\RobeNi00,CB,LAR,$775000
,Sterling Moore\MoorSt00,CB,NOR,$775000
,Jeremy Kerley\KerlJe00,WR,NYJ,$775000
,Austin Pasztor\PaszAu00,OL,ATL,$775000
,Kai Forbath\ForbKa00,K,MIN,$775000
,Rodney McLeod\McLeRo00,S,PHI,$775000
,Arrelious Benn\BennAr00,WR,JAX,$775000
,Junior Galette\GaleJu00,DE,WAS,$775000
,Patrick Omameh\OmamPa00,G,JAX,$775000
,Doug Baldwin\BaldDo00,WR,SEA,$775000
,Leonard Johnson\JohnLe03,CB,BUF,$775000
,Najee Goode\GoodNa00,ILB,PHI,$775000
,Bradley Sowell\SoweBr00,T,CHI,$775000
,Cedric Thornton\ThorCe00,DT,BUF,$775000
,MarQueis Gray\GrayMa00,TE,MIA,$775000
,Jarvis Jenkins\JenkJa01,DL,KAN,$775000
,Patrick Robinson\RobiPa99,DB,PHI,$775000
,Aaron Brewer\BrewAa00,LS,ARI,$775000
,Justin Hunter\HuntJu00,WR,PIT,$775000
,Stefen Wisniewski\WisnSt01,OL,PHI,$775000
,Brandon Bolden\BoldBr00,RB,NWE,$775000
,Matt Overton\OverMa00,LS,JAX,$775000
,Ryan Quigley\QuigRy00,P,MIN,$775000
,Kyle Love\LoveKy00,DT,CAR,$775000
,Damion Square\SquaDa00,DE,LAC,$775000
,David Bakhtiari\BakhDa00,OT,GNB,$775000
,Logan Paulsen\PaulLo00,TE,SFO,$775000
,Austin Davis\DaviAu00,QB,SEA,$775000
,Josh Bynes\ByneJo00,LB,ARI,$775000
,Brandon Williams\WillBr04,TE,IND,$775000
,Geno Smith\SmitGe00,QB,NYG,$775000
,Chris Carter\CartCh00,DL,WAS,$775000
,Colin Jones\JoneCo01,DB,CAR,$775000
,Josh Bellamy\BellJo02,WR,CHI,$775000
,Terence Garvin\GarvTe00,LB,SEA,$775000
,Brian Quick\QuicBr00,WR,WAS,$775000
,Jaron Brown\BrowJa03,WR,ARI,$775000
,Rashaan Melvin\MelvRa00,CB,IND,$775000
,Zach Ertz\ErtzZa00,TE,PHI,$775000
,Coty Sensabaugh\SensCo00,CB,PIT,$775000
,Julian Stanford\StanJu00,LB,NYJ,$775000
,Brandon Williams\WillBr02,DT,BAL,$775000
,A.Q. Shipley\ShipA.20,C,ARI,$775000
,John Jenkins\JenkJo00,DT,CHI,$775000
,Jimmy Smith\SmitJi03,CB,BAL,$775000
,Taiwan Jones\JoneTa00,RB,BUF,$775000
877,Frank Clark\ClarFr01,DE,SEA,$774294
878,Jordan Richards\RichJo00,SS,NWE,$772413
879,Jake Fisher\FishJa00,OT,CIN,$772229
880,Charles Sims\SimsCh00,RB,TAM,$764000
881,Chance Warmack\WarmCh00,OG,PHI,$760000
882,Emmanuel Ogbah\OgbaEm00,DE,CLE,$750438
883,Josh Mauro\MaurJo00,DE,ARI,$750000
,Branden Oliver\OlivBr01,RB,LAC,$750000
885,Kevin Dodd\DoddKe00,DE,TEN,$747832
886,Jaylon Smith\SmitJa05,OLB,DAL,$745226
887,Hunter Henry\HenrHu00,TE,LAC,$740014
888,Myles Jack\JackMy00,OLB,JAX,$737929
889,Sean Mannion\MannSe00,QB,LAR,$730037
890,Jeff Locke\LockJe00,P,DET,$729412
,Asa Jackson\JackAs00,CB,SFO,$729412
,Nick Bellore\BellNi01,LB,DET,$729412
,Sean Spence\SpenSe00,LB,2TM,$729412
,Steven Johnson\JohnSt02,LB,2TM,$729412
895,Jelani Jenkins\JenkJe00,OLB,HOU,$729411
896,Xavien Howard\HowaXa00,CB,MIA,$728547
897,Jay Bromley\BromJa00,DT,NYG,$725000
898,Noah Spence\SpenNo00,DE,TAM,$724377
899,A.J. Cann\CannA.00,OG,JAX,$721000
900,Sterling Shepard\ShepSt00,WR,NYG,$720208
901,Reggie Ragland\RaglRe00,ILB,KAN,$715517
902,Kamalei Correa\CorrKa00,OLB,BAL,$711347
903,Clive Walford\WalfCl00,TE,OAK,$710646
904,Kareem Martin\MartKa00,DE,ARI,$710000
905,Chris Jones\JoneCh09,DT,KAN,$708238
906,Austin Johnson\JohnAu01,DT,TEN,$707374
907,Leon Hall\HallLe98,DB,SFO,$705882
908,Terrence Brooks\BrooTe00,FS,NYJ,$705000
909,Ali Marpet\MarpAl00,C,TAM,$703054
910,Jihad Ward\WardJi02,DE,OAK,$701809
911,Tre Boston\BostTr00,FS,LAC,$700000
,Charcandrick West\WestCh01,RB,KAN,$700000
,Logan Thomas\ThomLo00,TE,BUF,$700000
,Darren Fells\FellDa01,TE,DET,$700000
,James Hurst\HursJa00,OT,BAL,$700000
,Phillip Gaines\GainPh00,CB,KAN,$700000
,Michael Campanaro\CampMi02,WR,BAL,$700000
,Jonotthan Harrison\HarrJo03,C,NYJ,$700000
,Jerick McKinnon\McKiJe00,RB,MIN,$700000
920,Derrick Henry\HenrDe00,RB,TEN,$695815
921,Tyler Lockett\LockTy00,WR,SEA,$695000
922,Marcus Smith\SmitMa03,DE,SEA,$690000
,Walt Aikens\AikeWa00,CB,MIA,$690000
,Bruce Ellington\ElliBr00,WR,HOU,$690000
,Jimmie Ward\WardJi01,SS,SFO,$690000
,Corey Nelson\NelsCo00,OLB,DEN,$690000
,Nat Berhe\BerhNa00,SS,NYG,$690000
,Orleans Darkwa\DarkOr00,RB,NYG,$690000
,Brent Urban\UrbaBr00,DE,BAL,$690000
,Dontae Johnson\JohnDo02,FS,SFO,$690000
,David King\KingDa00,DE,TEN,$690000
,Andrew DePaola\DePaAn00,LS,CHI,$690000
,T.J. Jones\JoneT.00,WR,DET,$690000
,Jordan Tripp\TripJo00,OLB,ATL,$690000
,Adarius Glanton\GlanAd00,LB,TAM,$690000
,Cameron Brate\BratCa00,TE,TAM,$690000
,Jake Matthews\MattJa00,OT,ATL,$690000
,Keith McGill\McGiKe00,CB,OAK,$690000
,Dakota Dozier\DoziDa00,OT,NYJ,$690000
,Sammy Watkins\WatkSa00,WR,LAR,$690000
,Will Clarke\ClarWi00,DE,TAM,$690000
,Pat O'Donnell\ODonPa00,P,CHI,$690000
,Ben Garland\GarlBe00,DL,ATL,$690000
,James White\WhitJa02,RB,NWE,$690000
,Jonathan Bostic\BostJo00,LB,IND,$690000
,Mike Evans\EvanMi00,WR,TAM,$690000
,Khalil Mack\MackKh00,OLB,OAK,$690000
,Kevin Pierre-Louis\PierKe00,OLB,KAN,$690000
,Jadeveon Clowney\ClowJa00,DE,HOU,$690000
,Kenny Wiggins\WiggKe00,T,LAC,$690000
,Luke Bowanko\BowaLu00,C,BAL,$690000
,Dustin Hopkins\HopkDu00,K,WAS,$690000
,Keith Smith\SmitKe03,LB,DAL,$690000
,Brandon Dunn\DunnBr00,DT,HOU,$690000
,Jay Prosch\ProsJa00,FB,HOU,$690000
,A.J. McCarron\McCaA.00,QB,CIN,$690000
,Terrence Fede\FedeTe00,DE,MIA,$690000
,Jaylen Watkins\WatkJa01,CB,PHI,$690000
,Adrian Phillips\PhilAd00,DB,LAC,$690000
,Jerel Worthy\WortJe00,DT,BUF,$690000
,Joe Banyard\BanyJo00,RB,BUF,$690000
,Cody Parkey\ParkCo03,K,MIA,$690000
,Brittan Golden\GoldBr00,WR,ARI,$690000
,Steven Means\MeanSt00,DE,PHI,$690000
,Dewey McDonald\McDoDe01,S,SEA,$690000
,Peyton Thompson\ThomPe00,CB,JAX,$690000
,Jeff Janis\JaniJe00,WR,GNB,$690000
,Jeremiah Sirles\SirlJe00,OT,MIN,$690000
,Kerwynn Williams\WillKe05,RB,ARI,$690000
,Bene Benwikere\BenwBe00,CB,DAL,$690000
,Cassius Marsh\MarsCa00,DE,2TM,$690000
,Alfred Blue\BlueAl00,RB,HOU,$690000
,Derrick Coleman\ColeDe00,RB,ATL,$690000
,Steven Terrell\TerrSt00,DB,KAN,$690000
,Tyler Shatley\ShatTy00,OG,JAX,$690000
,Tommy Bohanon\BohaTo00,FB,JAX,$690000
,Antone Exum\ExumAn00,CB,SFO,$690000
,Pierre Desir\DesiPi00,CB,IND,$690000
,Nick Williams\WillNi02,WR,ATL,$690000
,Mike Pennel\PennMi00,DT,NYJ,$690000
,Ty Nsekhe\NsekTy00,T,WAS,$690000
,Terrance Mitchell\MitcTe00,CB,KAN,$690000
,Chris Smith\SmitCh03,DE,CIN,$690000
,Kenneth Acker\AckeKe00,CB,KAN,$690000
,De'Anthony Thomas\ThomDe05,RB,KAN,$690000
,Tom Savage\SavaTo00,QB,HOU,$690000
,Daniel Sorensen\SoreDa01,S,KAN,$690000
,Ryan Grant\GranRy01,WR,WAS,$690000
,Laurent Duvernay-Tardif\DuveLa00,OT,KAN,$690000
,Marcus Burley\BurlMa00,CB,HOU,$690000
,Daniel McCullers\McCuDa00,DT,PIT,$690000
,Marquis Flowers\FlowMa00,OLB,NWE,$690000
,Beau Allen\AlleBe00,DT,PHI,$690000
994,John Hughes\HughJo00,DT,NOR,$688235
,John Greco\GrecJo20,T,NYG,$688235
,Nick Novak\novaknic01,K,LAC,$688235
997,A'Shawn Robinson\RobiAS00,DT,DET,$687892
998,Ameer Abdullah\AbduAm00,RB,DET,$687830
999,Hroniss Grasu\GrasHr00,C,CHI,$687500
1000,Jamon Brown\BrowJa04,OT,LAR,$686686
1001,Robert Blanton\BlanRo00,CB,BUF,$683824
,David Bass\BassDa00,DE,2TM,$683824
,George Johnson\JohnGe00,DE,2TM,$683824
,Johnthan Banks\BankJo00,CB,HOU,$683824
1005,Damontre Moore\MoorDa01,DE,DAL,$683823
1006,Michael Thomas\ThomMi05,WR,NOR,$682681
1007,Tevin Coleman\ColeTe01,RB,ATL,$680000
1008,Jason Spriggs\SpriJa00,OT,GNB,$677468
1009,Jarran Reed\ReedJa02,DT,SEA,$672256
1010,Nick Martin\MartNi00,C,HOU,$667044
1011,Deion Jones\JoneDe01,OLB,ATL,$656620
1012,David Amerson\AmerDa00,CB,OAK,$650000
1013,Cornelius Lucas\LucaCo01,T,LAR,$649412
1014,Jordan Devey\DeveJo00,T,KAN,$649408
1015,Mackensie Alexander\AlexMa01,CB,MIN,$646196
1016,Jaelen Strong\StroJa01,WR,2TM,$644705
1017,Tyler Boyd\BoydTy00,WR,CIN,$643589
1018,Duke Johnson\JohnDu00,RB,CLE,$642500
1019,Cody Whitehair\WhitCo03,OG,CHI,$642026
1020,P.J. Williams\WillP.00,CB,NOR,$640000
1021,T.J. Green\GreeT.00,FS,IND,$639420
1022,Tim Lelito\LeliTi00,G,DET,$638235
1023,Danielle Hunter\HuntDa01,DE,MIN,$636000
1024,Sean Davis\DaviSe00,FS,PIT,$635771
1025,Justin Drescher\DresJu20,C,ARI,$635292
1026,Chris Conley\ConlCh00,WR,KAN,$635000
1027,Eli Harold\HaroEl00,OLB,SFO,$634000
1028,Jordan Hicks\HickJo00,OLB,PHI,$633000
1029,Carl Davis\DaviCa01,DT,BAL,$630750
1030,Vonn Bell\BellVo00,SS,NOR,$630559
1031,Chaz Green\GreeCh02,OT,DAL,$630375
1032,James Bradberry\BradJa00,CB,CAR,$630038
1033,Henry Anderson\AndeHe00,DE,IND,$629500
1034,Adam Gotsis\GotsAd00,DT,DEN,$628996
1035,Tyler Kroft\KrofTy00,TE,CIN,$628000
1036,Ty Montgomery\MontTy01,WR/RB,GNB,$625000
1037,Kevin Byard\ByarKe01,S,TEN,$618566
1038,Steven Nelson\NelsSt01,CB,KAN,$618500
1039,Carl Nassib\NassCa00,DE,CLE,$618110
1040,Grady Jarrett\JarrGr00,DT,ATL,$615000
,Nick O'Leary\OLeaNi00,TE,BUF,$615000
,Justin Hardy\HardJu00,WR,ATL,$615000
,Brent Qvale\QvalBr01,T,NYJ,$615000
,Mike Hull\HullMi02,LB,MIA,$615000
,Christian Covington\CoviCh00,DT,HOU,$615000
,James O'Shaughnessy\O'ShJa00,TE,JAX,$615000
,Brandon Coleman\ColeBr00,WR,NOR,$615000
,Shelby Harris\HarrSh00,DE,DEN,$615000
,Leonard Williams\WillLe02,DT,NYJ,$615000
,Brett Hundley\HundBr00,QB,GNB,$615000
,Joe Thomas\ThomJo04,LB,GNB,$615000
,Kwon Alexander\AlexKw00,OLB,TAM,$615000
,T.Y. McGill\McGiT.00,DT,CLE,$615000
,Quinton Spain\SpaiQu00,OG,TEN,$615000
,Greg Mancz\MancGr00,C,HOU,$615000
,Jameis Winston\WinsJa00,QB,TAM,$615000
,Nick Easton\EastNi00,C,MIN,$615000
,Darius Philon\PhilDa01,DT,LAC,$615000
,Michael Burton\BurtMi00,FB,CHI,$615000
,Justin Coleman\ColeJu01,CB,SEA,$615000
,Deshazor Everett\EverDe01,CB,WAS,$615000
,Brian Peters\PeteBr00,LB,HOU,$615000
,Bennie Fowler\FowlBe00,WR,DEN,$615000
,Jamie Meder\MedeJa00,DT,CLE,$615000
,Martavis Bryant\BryaMa00,WR,PIT,$615000
,Sammie Coates\CoatSa00,WR,CLE,$615000
,David Mayo\MayoDa00,ILB,CAR,$615000
,Clayton Geathers\GeatCl00,SS,IND,$615000
,Tyler Patmon\PatmTy00,CB,JAX,$615000
,Javorius Allen\AlleJa01,RB,BAL,$615000
,Bobby McCain\McCaBo01,CB,MIA,$615000
,Nick Boyle\BoylNi00,TE,BAL,$615000
,Mark Glowinski\GlowMa00,OG,SEA,$615000
,Shaquil Barrett\BarrSh00,OLB,DEN,$615000
,Stefon Diggs\DiggSt00,WR,MIN,$615000
,Brandon Scherff\ScheBr00,OT,WAS,$615000
,Blake Bell\BellBl00,TE,MIN,$615000
,Tyrell Williams\WillTy00,WR,LAC,$615000
,Martrell Spaight\SpaiMa00,OLB,WAS,$615000
,Ricardo Allen\AlleRi00,CB,ATL,$615000
,Roosevelt Nix\NixxRo01,LB,PIT,$615000
,Trevor Siemian\SiemTr00,QB,DEN,$615000
,Tyeler Davison\DaviTy01,DT,NOR,$615000
,Brandon King\KingBr02,DB,NWE,$615000
,Damien Wilson\WilsDa02,ILB,DAL,$615000
,Daniel Brown\BrowDa04,WR,CHI,$615000
,Bryce Hager\HageBr00,ILB,LAR,$615000
,Kyle Emanuel\EmanKy00,OLB,LAC,$615000
,Dexter McDonald\McDoDe02,CB,OAK,$615000
,Vic Beasley\BeasVi00,OLB,ATL,$615000
,Lorenzo Doss\DossLo00,CB,DEN,$615000
,Willie Snead\SneaWi00,WR,NOR,$615000
,Corey Grant\GranCo00,RB,JAX,$615000
,Ramik Wilson\WilsRa00,ILB,KAN,$615000
,Dion Jordan\JordDi00,DE,SEA,$615000
,Rakeem Nunez-Roches\NuneRa00,DT,KAN,$615000
,Jake Ryan\RyanJa00,OLB,GNB,$615000
,K'Waun Williams\WillKW00,DB,SFO,$615000
,Quandre Diggs\DiggQu00,CB,DET,$615000
,Rod Smith\SmitRo06,RB,DAL,$615000
,D.J. Alexander\AlexD.00,OLB,SEA,$615000
,Leterrius Walton\WaltLe00,DT,PIT,$615000
,Anthony Steen\SteeAn00,OG,MIA,$615000
,Khari Lee\LeexKh00,TE,BUF,$615000
,Hayes Pullard\PullHa00,ILB,LAC,$615000
,David Johnson\JohnDa08,RB,ARI,$615000
,Joe Cardona\CardJo00,LS,NWE,$615000
,Terron Ward\WardTe00,RB,ATL,$615000
,Kurtis Drummond\DrumKu01,S,HOU,$615000
,Anthony Chickillo\ChicAn00,DE,PIT,$615000
,Josh Shaw\ShawJo00,CB,CIN,$615000
,Jordan Berry\BerrJo00,P,PIT,$615000
,Ayodeji Olatoye\OlatAy00,DB,2TM,$615000
,Geoff Swaim\SwaiGe00,TE,DAL,$615000
,Zac Kerin\KeriZa00,C,DET,$615000
,Bryce Callahan\CallBr00,CB,CHI,$615000
,Jared Abbrederis\AbbrJa00,WR,DET,$615000
,Charley Hughlett\HughCh01,LS,CLE,$615000
,Josh Walker\WalkJo00,G,JAX,$615000
,Craig Mager\MageCr00,CB,LAC,$615000
,Shaq Mason\MasoSh01,C,NWE,$615000
,Chris Matthews\MattCh00,WR,BAL,$615000
,Corey Robinson\RobiCo00,OT,DET,$615000
,Tre McBride\McBrTr00,WR,CHI,$615000
,Jeremiah George\GeorJe01,ILB,IND,$615000
,Derron Smith\SmitDe05,FS,2TM,$615000
,Ryan Russell\RussRy00,DE,TAM,$615000
,Adam Humphries\HumpAd00,WR,TAM,$615000
,Jeff Heuerman\HeueJe00,TE,DEN,$615000
,Bryce Petty\PettBr01,QB,NYJ,$615000
,Rontez Miles\MileRo00,FS,NYJ,$615000
,Max Garcia\GarcMa00,C,DEN,$615000
,Zach Zenner\ZennZa00,RB,DET,$615000
,Matt Paradis\ParaMa00,C,DEN,$615000
,Jon Feliciano\FeliJo00,OG,OAK,$615000
,Thomas Rawls\RawlTh00,RB,SEA,$615000
,Amari Cooper\CoopAm00,WR,OAK,$615000
,Trey Flowers\FlowTr00,DE,NWE,$615000
,Sean McGrath\McGrSe00,TE,LAC,$615000
,Trenton Brown\BrowTr02,OT,SFO,$615000
,John Miller\MillJo04,OG,BUF,$615000
,Rodney Gunter\GuntRo00,DT,ARI,$615000
,Josh Wells\WellJo02,T,JAX,$615000
,T.J. Clemmings\ClemT.00,OT,WAS,$615000
,Seth Roberts\RobeSe00,WR,OAK,$615000
,Geremy Davis\DaviGe00,WR,LAC,$615000
,Darrell Williams\WillDa07,T,LAR,$615000
,Jason Myers\MyerJa00,K,JAX,$615000
,Andrew Donnal\DonnAn00,OT,BAL,$615000
,Za'Darius Smith\SmitZa00,DE,BAL,$615000
,Quinton Dunbar\DunbQu00,WR,WAS,$615000
,Marcus Mariota\MariMa01,QB,TEN,$615000
,Jalston Fowler\FowlJa00,FB,TEN,$615000
,Bradley Pinion\PiniBr00,P,SFO,$615000
,Jesse James\JameJe00,TE,PIT,$615000
,Cameron Artis-Payne\ArtiCa00,RB,CAR,$615000
,Ibraheim Campbell\CampIb00,SS,2TM,$615000
,Quan Bray\BrayQu00,WR,IND,$615000
,Jay Ajayi\AjayJa00,RB,2TM,$615000
,Brett Jones\JoneBr04,C,NYG,$615000
,Denzelle Good\GoodDe01,OT,IND,$615000
,Jamison Crowder\CrowJa00,WR,WAS,$615000
,James Winchester\WincJa00,LS,KAN,$615000
,Aaron Ripkowski\RipkAa00,FB,GNB,$615000
,Jonathan Anderson\AndeJo01,LB,CHI,$615000
,Will Tye\TyexWi00,TE,NYJ,$615000
,Chris McCain\McCaCh00,LB,LAC,$615000
,Greg Van Roten\VanRGr00,G,CAR,$615000
,Anthony Harris\HarrAn01,DB,MIN,$615000
,Matt Longacre\LongMa00,DE,LAR,$615000
,Bobby Hart\HartBo00,OG,NYG,$615000
,JJ Nelson\NelsJJ00,WR,ARI,$615000
,Xavier Williams\WillXa00,DT,ARI,$615000
,Neal Sterling\SterNe00,WR,NYJ,$615000
,Darryl Roberts\RobeDa00,CB,NYJ,$615000
,David Andrews\AndrDa00,C,NWE,$615000
,Ladarius Gunter\GuntLa00,CB,2TM,$615000
,C.J. Uzomah\UzomC.00,TE,CIN,$615000
,Kevin White\WhitKe00,WR,CHI,$615000
,Chris Boswell\BoswCh00,K,PIT,$615000
,Raheem Mostert\MostRa00,RB,SFO,$615000
,Daryl Williams\WillDa06,OT,CAR,$615000
,A.J. Derby\DerbA.00,TE,2TM,$615000
,Kendall Lamm\LammKe00,T,HOU,$615000
,Adrian Amos\AmosAd00,FS,CHI,$615000
1186,Maliek Collins\CollMa00,DT,DAL,$612500
1187,Deandre Coleman\ColeDe01,DT,BUF,$608820
1188,Yannick Ngakoue\NgakYa00,OLB,JAX,$605041
1189,Cody Kessler\KessCo00,QB,CLE,$604049
1190,Bronson Kaufusi\KaufBr01,DE,BAL,$603500
1191,Jonathan Bullard\BullJo00,DE,CHI,$599000
1192,Kenyan Drake\DrakKe00,RB,MIA,$595000
1193,Shamarko Thomas\ThomSh00,SS,BUF,$592647
,Michael Person\PersMi00,OL,IND,$592647
,Marcus Cromartie\CromMa01,CB,HOU,$592647
,Earl Watford\WatfEa00,OG,ARI,$592647
1197,Zach Line\LineZa01,FB,NOR,$592644
,Stevan Ridley\RidlSt00,RB,PIT,$592644
1199,Dwight Freeney\FreeDw00,DE,2TM,$588235
1200,Darian Thompson\ThomDa05,FS,NYG,$585000
1201,Leger Douzable\DouzLe00,DT,SFO,$582353
,Ahtyba Rubin\RubiAh99,NT,2TM,$582353
1203,C.J. Spiller\SpilC.00,RB,KAN,$582253
1204,Jacoby Brissett\BrisJa00,QB,IND,$580038
1205,Akeem Hunt\HuntAk01,RB,KAN,$578824
1206,Isaac Seumalo\SeumIs00,OG,PHI,$574000
1207,KeiVarae Russell\RussKe00,CB,CIN,$570000
1208,Kenjon Barner\BarnKe00,RB,PHI,$568235
1209,Shon Coleman\ColeSh00,OT,CLE,$568000
1210,C.J. Prosise\ProsC.00,RB,SEA,$565000
1211,Brandon Williams\WillBr07,CB,ARI,$563500
1212,Le'Raven Clark\ClarLe01,OT,IND,$563000
1213,Nick Vannett\VannNi00,TE,SEA,$562000
1214,Daryl Worley\WorlDa00,CB,CAR,$560000
,Kyler Fackrell\FackKy00,OLB,GNB,$560000
,Javon Hargrave\HargJa00,DT,PIT,$560000
,Jordan Jenkins\JenkJo01,OLB,NYJ,$560000
,Leonte Carroo\CarrLe00,WR,MIA,$560000
1219,Graham Glasgow\GlasGr00,OG,DET,$558500
1220,Braxton Miller\MillBr03,WR,HOU,$557500
,Kendall Fuller\FullKe00,CB,WAS,$557500
1222,Rees Odhiambo\OdhiRe00,OG,SEA,$553000
1223,Gerald Hodges\HodgGe00,OLB,NOR,$547059
1224,Bobby Rainey\RainBo00,RB,BAL,$547056
1225,Matt Jones\JoneMa04,RB,IND,$542647
,L.J. Fort\FortL.00,LB,PIT,$542647
,John Timu\TimuJo00,ILB,CHI,$542647
,David Parry\ParrDa00,NT,NOR,$542647
,Nick Dzubnar\DzubNi00,LB,LAC,$542647
,Geneo Grissom\GrisGe00,OLB,NWE,$542647
,Troy Hill\HillTr01,CB,LAR,$542647
1232,Joe Vellano\VellJo00,DT,ATL,$542640
1233,LeShaun Sims\SimsLe00,CB,TEN,$540000
,Alex Erickson\EricAl01,WR,CIN,$540000
,David Morgan\MorgDa01,TE,MIN,$540000
,Sheldon Day\DayxSh00,DT,2TM,$540000
,De'Vondre Campbell\CampDe00,OLB,ATL,$540000
,C.J. Goodwin\GoodC.00,WR,2TM,$540000
,Jakeem Grant\GranJa00,WR,MIA,$540000
,Dwayne Washington\WashDw00,RB,DET,$540000
,Michael Bennett\BennMi01,DT,JAX,$540000
,Willie Henry\HenrWi00,DT,BAL,$540000
,Kavon Frazier\FrazKa00,FS,DAL,$540000
,Brian Mihalik\MihaBr00,DE,DET,$540000
,Stephen Weatherly\WeatSt00,OLB,MIN,$540000
,Cre'von LeBlanc\LeBlCr01,DB,CHI,$540000
,Patrick Onwuasor\OnwuPa00,LB,BAL,$540000
,Tyrone Holmes\HolmTy01,OLB,CLE,$540000
,Randall Telfer\TelfRa00,TE,CLE,$540000
,Jerell Adams\AdamJe01,TE,NYG,$540000
,Kalan Reed\ReedKa00,CB,TEN,$540000
,Joel Heath\HeatJo00,DT,HOU,$540000
,Kentrell Brothers\BrotKe00,ILB,MIN,$540000
,Jalen Richard\RichJa01,RB,OAK,$540000
,Tyler Larsen\LarsTy00,C,CAR,$540000
,Zaire Anderson\AndeZa01,LB,DEN,$540000
,Jalen Mills\MillJa02,CB,PHI,$540000
,Kamu Grugier-Hill\GrugKa00,OLB,PHI,$540000
,Ufomba Kamalu\KamaUf00,DE,HOU,$540000
,Christian Westerman\WestCh02,OG,CIN,$540000
,Peyton Barber\BarbPe01,RB,TAM,$540000
,D.J. Reader\ReadD.00,DT,HOU,$540000
,Pharoh Cooper\CoopPh00,WR,LAR,$540000
,David Fluellen\FlueDa00,RB,TEN,$540000
,Ken Crawley\CrawKe02,DB,NOR,$540000
,Derek Watt\WattDe00,FB,LAC,$540000
,Michael Pierce\PierMi00,DT,BAL,$540000
,Cory James\JameCo00,OLB,OAK,$540000
,Tyler Matakevich\MataTy00,ILB,PIT,$540000
,Jayron Kearse\KearJa00,SS,MIN,$540000
,John Wetzel\WetzJo00,T,ARI,$540000
,Brian Price\PricBr00,DT,DAL,$540000
,Jordan Taylor\TaylJo01,WR,DEN,$540000
,Erik Harris\HarrEr00,DB,OAK,$540000
,Jonathan Jones\JoneJo03,DB,NWE,$540000
,DeAndre Washington\WashDe00,RB,OAK,$540000
,Eric Tomlinson\TomlEr01,TE,NYJ,$540000
,Mike Jordan\JordMi00,DB,CLE,$540000
,Lafayette Pitts\PittLa00,CB,2TM,$540000
,Rashod Hill\HillRa01,T,MIN,$540000
,Brian Poole\PoolBr01,S,ATL,$540000
,Kyle Murphy\MurpKy00,OT,GNB,$540000
,Ryan Smith\SmitRy00,CB,TAM,$540000
,Dominique Alexander\AlexDo01,LB,CLE,$540000
,Sharrod Neasman\NeasSh00,S,ATL,$540000
,Nick Kwiatkoski\KwiaNi00,ILB,CHI,$540000
,Stephen Anderson\AndeSt01,TE,HOU,$540000
,Matt Judon\JudoMa00,DE,BAL,$540000
,Briean Boddy-Calhoun\BoddBr01,DB,CLE,$540000
,Juston Burris\BurrJu00,CB,NYJ,$540000
,Rashard Robinson\RobiRa00,CB,2TM,$540000
,Corey Moore\MoorCo00,S,HOU,$540000
,Antonio Hamilton\HamiAn01,CB,OAK,$540000
,Tommylee Lewis\LewiTo00,WR,NOR,$540000
,Spencer Pulley\PullSp00,C,LAC,$540000
,Josh Ferguson\FergJo02,RB,IND,$540000
,Tyrell Adams\AdamTy00,LB,OAK,$540000
,Eric Murray\MurrEr00,CB,KAN,$540000
,Kentrell Brice\BricKe00,S,GNB,$540000
,Vadal Alexander\AlexVa00,OG,OAK,$540000
,Marqui Christian\ChriMa00,SS,LAR,$540000
,Tyler Higbee\HigbTy00,TE,LAR,$540000
,Andy Janovich\JanoAn00,FB,DEN,$540000
,Halapoulivaati Vaitai\VaitHa00,OT,PHI,$540000
,Cory Littleton\LittCo01,LB,LAR,$540000
,Dean Lowry\LowrDe00,DE,GNB,$540000
,B.J. Goodson\GoodB.00,OLB,NYG,$540000
,Blake Countess\CounBl00,CB,LAR,$540000
,Casey Kreiter\KreiCa00,LS,DEN,$540000
,Josh Hawkins\HawkJo00,CB,GNB,$540000
,Robert Thomas\ThomRo04,NT,NYG,$540000
,Jatavis Brown\BrowJa05,OLB,LAC,$540000
,Parker Ehinger\EhinPa00,OG,KAN,$540000
,Xavier Woodson-Luster\WoodXa01,LB,OAK,$540000
,Demarcus Robinson\RobiDe01,WR,KAN,$540000
,Devontae Booker\BookDe00,RB,DEN,$540000
,Tyler Ervin\ErviTy00,RB,HOU,$540000
,Antonio Morrison\MorrAn01,ILB,IND,$540000
,Kameron Canaday\CanaKa00,LS,PIT,$540000
,Jeremy Vujnovich\VujnJe00,T,IND,$540000
,Brennan Scarlett\ScarBr00,LB,HOU,$540000
,Kevon Seymour\SeymKe00,CB,CAR,$540000
,Anthony Lanier\LaniAn00,DE,WAS,$540000
,Malcolm Brown\BrowMa03,RB,LAR,$540000
,Blake Martinez\MartBl01,ILB,GNB,$540000
,Ross Travis\TravRo00,TE,2TM,$540000
,Austin Blythe\BlytAu00,C,LAR,$540000
,Chris Moore\MoorCh00,WR,BAL,$540000
,Trevor Davis\DaviTr03,WR,GNB,$540000
,Roger Lewis\LewiRo03,WR,NYG,$540000
,Anthony Zettel\ZettAn00,DE,DET,$540000
,Marwin Evans\EvanMa00,S,GNB,$540000
,Damiere Byrd\ByrdDa00,WR,CAR,$540000
,Derrick Kindred\KindDe00,SS,CLE,$540000
,Terrance Smith\SmitTe04,LB,KAN,$540000
,Jared Norris\NorrJa01,LB,CAR,$540000
,Joe Haeg\HaegJo00,OT,IND,$540000
,Leonard Wester\WestLe00,T,TAM,$540000
,Kevin Hogan\HogaKe00,QB,CLE,$540000
,Deon Bush\BushDe00,FS,CHI,$540000
,Dak Prescott\PresDa01,QB,DAL,$540000
,Vince Mayle\MaylVi00,WR,BAL,$540000
,Destiny Vaeao\VaeaDe01,DT,PHI,$540000
,Dexter McCoil\McCoDe00,S,2TM,$540000
,Nick Vigil\VigiNi00,ILB,CIN,$540000
,Jake Rudock\RudoJa00,QB,DET,$540000
,De'Vante Harris\HarrDe04,DB,NOR,$540000
,Seth Devalve\DevaSe00,TE,CLE,$540000
,B.J. Finney\FinnB.01,C,PIT,$540000
,Alan Cross\CrosAl00,TE,TAM,$540000
,Morgan Fox\FoxxMo00,DL,LAR,$540000
,Curtis Riley\RileCu00,CB,TEN,$540000
,Eli Rogers\RogeEl00,WR,PIT,$540000
,Andrew Adams\AdamAn01,S,NYG,$540000
,Wil Lutz\LutzWi00,K,NOR,$540000
,James Cowser\CowsJa00,LB,OAK,$540000
,Paul Perkins\PerkPa00,RB,NYG,$540000
,Luke Rhodes\RhodLu00,LB,IND,$540000
,Mack Brown\BrowMa02,RB,2TM,$540000
,Robby Anderson\AndeRo04,WR,NYJ,$540000
,Tyreek Hill\HillTy00,WR,KAN,$540000
,Javien Elliott\ElliJa01,CB,TAM,$540000
,Joey Bosa\BosaJo00,DE,LAC,$540000
,Johnny Holton\HoltJo00,WR,OAK,$540000
,Miles Killebrew\KillMi00,SS,DET,$540000
,Riley Dixon\DixoRi00,P,DEN,$540000
,Senorise Perry\PerrSe00,RB,MIA,$540000
,Matthew Ioannidis\IoanMa01,DT,WAS,$540000
,Darius Latham\LathDa01,DT,OAK,$540000
,Kaelin Clay\ClayKa00,WR,2TM,$540000
,Elandon Roberts\RobeEl00,ILB,NWE,$540000
,Christopher Milton\MiltCh00,CB,IND,$540000
,Drew Kaser\KaseDr00,P,LAC,$540000
,Justin Simmons\SimmJu00,FS,DEN,$540000
,Romeo Okwara\OkwaRo01,DE,NYG,$540000
,Wendell Smallwood\SmalWe00,RB,PHI,$540000
,Austin Hooper\HoopAu00,TE,ATL,$540000
,Rick Lovato\LovaRi00,LS,PHI,$540000
,Cody Core\CoreCo00,WR,CIN,$540000
,Ben Koyack\KoyaBe00,TE,JAX,$540000
,Adolphus Washington\WashAd00,DT,BUF,$540000
,Rashawn Scott\ScotRa01,WR,MIA,$540000
,Brandon Shell\ShelBr00,OT,NYJ,$540000
,Lac Edwards\EdwaLa01,P,NYJ,$540000
,Chester Rogers\RogeCh02,WR,IND,$540000
,Michael Palardy\PalaMi00,P,CAR,$540000
,Matthias Farley\FarlMa00,DB,IND,$540000
,Dan Vitale\VitaDa00,FB,CLE,$540000
,Tanner McEvoy\McEvTa01,WR,SEA,$540000
,Trevor Williams\WillTr05,CB,LAC,$540000
,Xavier Grimble\GrimXa00,TE,PIT,$540000
,Robert Kelley\KellRo00,RB,WAS,$540000
,David Onyemata\OnyeDa00,DT,NOR,$540000
,Charles Tapper\TappCh00,DE,DAL,$540000
,Jordan Howard\HowaJo00,RB,CHI,$540000
,Clayton Fejedelem\FejeCl00,FS,CIN,$540000
,Jake Brendel\BrenJa01,C,MIA,$540000
,Charone Peake\PeakCh00,WR,NYJ,$540000
,Connor McGovern\McGoCo00,OG,DEN,$540000
,Joe Schobert\SchoJo00,OLB,CLE,$540000
,Spencer Drango\DranSp00,OG,CLE,$540000
,Anthony Brown\BrowAn02,CB,DAL,$540000
,Chris Manhertz\ManhCh00,TE,CAR,$540000
,Joe Thuney\ThunJo00,OG,NWE,$540000
,Ted Karras\KarrTe00,OG,NWE,$540000
,Evan Boehm\BoehEv00,C,ARI,$540000
,Tyler Ott\OttxTy00,LS,SEA,$540000
,Will Parks\ParkWi01,S,DEN,$540000
,Ricardo Louis\LouiRi00,WR,CLE,$540000
,Tye Smith\SmitTy01,CB,TEN,$540000
,Jeremy Cash\CashJe01,LB,CAR,$540000
,Austin Reiter\ReitAu00,C,CLE,$540000
,J.D. McKissic\McKiJ.00,WR,SEA,$540000
,Wes Schweitzer\SchwWe00,OT,ATL,$540000
,Caleb Benenoch\BeneCa00,OT,TAM,$540000
,Jarrod Wilson\WilsJa00,S,JAX,$540000
,Hassan Ridgeway\RidgHa00,DT,IND,$540000
,Joe Dahl\DahlJo00,OG,DET,$540000
,Bryan Witzmann\WitzBr00,T,KAN,$540000
,Olsen Pierre\PierOl00,DT,ARI,$540000
1421,Ed Stinson\StinEd00,DE,NYJ,$527647
1422,Andre Williams\WillAn00,RB,LAC,$527644
1423,Freddie Bishop\BishFr00,DE,NYJ,$508240
1424,D.J. Foster\FostD.01,RB,ARI,$508235
,Kyle Peko\PekoKy00,DT,DEN,$508235
,Emmett Cleary\CleaEm01,T,DET,$508235
,Alex Collins\CollAl00,RB,BAL,$508235
,Geronimo Allison\AlliGe01,WR,GNB,$508235
1429,Rashard Higgins\HiggRa00,WR,CLE,$508224
1430,Ulrick John\JohnUl00,OT,GNB,$506471
,Mark Nzeocha\NzeoMa00,OLB,SFO,$506471
1432,Deontae Skinner\SkinDe00,LB,NYG,$506464
1433,Andrew Gachkar\GachAn00,OLB,CAR,$501471
,Deonte Thompson\ThomDe04,WR,2TM,$501471
,Michael Mauti\MautMi00,OLB,NOR,$501471
,Bryce Harris\HarrBr01,T,NOR,$501471
1437,Griff Whalen\WhalGr00,WR,BAL,$501468
1438,Tavarres King\KingTa00,WR,NYG,$487059
,Demetrius McCray\McCrDe00,CB,OAK,$487059
1440,Seantrel Henderson\HendSe00,OT,BUF,$487058
1441,Arthur Jones\JoneAr22,DT,WAS,$476471
,Brian Hoyer\HoyeBr00,QB,2TM,$476471
,DeAndre Houston-Carson\HousDe00,FS,CHI,$476471
,Garrison Smith\SmitGa01,DT,SEA,$476471
1445,Eric Winston\WinsEr20,T,CIN,$470588
1446,Obum Gwacham\GwacOb00,DE,NYJ,$470294
,David Irving\IrviDa00,DE,DAL,$470294
,Tenny Palepoi\PaleTe00,DT,LAC,$470294
,Ben Heeney\HeenBe00,ILB,HOU,$470294
1450,Dezmen Southward\SoutDe00,SS,CAR,$470288
1451,Nate Hairston\HairNa00,CB,IND,$465000
,Garett Bolles\BollGa00,OT,DEN,$465000
,Will Holden\HoldWi00,OT,ARI,$465000
,Ejuan Price\PricEj00,OLB,LAR,$465000
,Devante Mays\MaysDe00,RB,GNB,$465000
,Ben Gedeon\GedeBe00,ILB,MIN,$465000
,Tanner Vallejo\VallTa00,ILB,BUF,$465000
,Trevon Coley\ColeTr01,DL,CLE,$465000
,Budda Baker\BakeBu00,FS,ARI,$465000
,John Johnson\JohnJo10,S,LAR,$465000
,Gareon Conley\ConlGa00,CB,OAK,$465000
,Cooper Rush\RushCo00,QB,DAL,$465000
,Jordan Willis\WillJo09,DE,CIN,$465000
,Lucas Patrick\PatrLu00,G,GNB,$465000
,Josh Carraway\CarrJo00,DE,TEN,$465000
,Eric Saubert\SaubEr00,TE,ATL,$465000
,Tim Williams\WillTi00,OLB,BAL,$465000
,Samaje Perine\PeriSa00,RB,WAS,$465000
,Patrick Mahomes\MahoPa00,QB,KAN,$465000
,Rudy Ford\FordRu00,S,ARI,$465000
,Tyler Catalina\CataTy00,OG,WAS,$465000
,Harvey Langi\LangHa00,ILB,NWE,$465000
,Delano Hill\HillDe02,FS,SEA,$465000
,Austin Ekeler\EkelAu00,RB,LAC,$465000
,Taysom Hill\HillTa00,QB,NOR,$465000
,Ifeanyi Momah\MomaIf00,WR,ARI,$465000
,Jourdan Lewis\LewiJo01,CB,DAL,$465000
,Cordrea Tankersley\TankCo00,CB,MIA,$465000
,Aldrick Rosas\RosaAl00,K,NYG,$465000
,Nicholas Morrow\MorrNi00,LB,OAK,$465000
,Treston Decoud\DecoTr00,CB,HOU,$465000
,Bam Bradley\BradBa00,OLB,BAL,$465000
,Matt Feiler\FeilMa00,T,PIT,$465000
,Davon Godchaux\GodcDa00,DT,MIA,$465000
,Matt Breida\BreiMa00,RB,SFO,$465000
,Deon Lacey\LaceDe00,LB,BUF,$465000
,Zach Cunningham\CunnZa00,OLB,HOU,$465000
,David Sharpe\SharDa02,OT,OAK,$465000
,David Njoku\NjokDa00,TE,CLE,$465000
,Corey Davis\DaviCo03,WR,TEN,$465000
,Marquel Lee\LeexMa01,ILB,OAK,$465000
,Chidobe Awuzie\AwuzCh00,CB,DAL,$465000
,Malik Hooker\HookMa00,FS,IND,$465000
,Elijah Qualls\QualEl00,DT,PHI,$465000
,Stefan McClure\McClSt01,S,WAS,$465000
,Avery Moss\MossAv00,DE,NYG,$465000
,Reid Ferguson\FergRe00,LS,BUF,$465000
,Anthony Walker\WalkAn01,LB,IND,$465000
,Marlon Mack\MackMa00,RB,IND,$465000
,Jermaine Grace\GracJe00,LB,2TM,$465000
,Eric Wilson\WilsEr00,ILB,MIN,$465000
,Trey Edmunds\EdmuTr00,RB,NOR,$465000
,Grover Stewart\StewGr00,DT,IND,$465000
,Corey Clement\ClemCo00,RB,PHI,$465000
,Justin Davis\DaviJu00,RB,LAR,$465000
,Evan Engram\EngrEv00,TE,NYG,$465000
,Fabian Moreau\MoreFa00,CB,WAS,$465000
,Chad Hansen\HansCh00,WR,NYJ,$465000
,Matthew Dayes\DayeMa00,RB,CLE,$465000
,Tashawn Bower\BoweTa00,OLB,MIN,$465000
,Trey Hopkins\HopkTr01,G,CIN,$465000
,Ka'imi Fairbairn\FairKa01,K,HOU,$465000
,Jaleel Johnson\JohnJa09,DT,MIN,$465000
,Shalom Luani\LuanSh00,SS,OAK,$465000
,Alex Redmond\RedmAl01,G,CIN,$465000
,C.J. Beathard\BeatC.00,QB,SFO,$465000
,Erik Magnuson\MagnEr00,OT,SFO,$465000
,Brendan Langley\LangBr00,CB,DEN,$465000
,Jayon Brown\BrowJa06,ILB,TEN,$465000
,Nathan Peterman\PeteNa00,QB,BUF,$465000
,Adoree' Jackson\JackAd00,CB,TEN,$465000
,Andrew Billings\BillAn00,DT,CIN,$465000
,Zach Wood\WoodZa00,DE,NOR,$465000
,James Burgess\BurgJa01,LB,CLE,$465000
,Wayne Gallman\GallWa00,RB,NYG,$465000
,Adrian Colbert\ColbAd00,SS,SFO,$465000
,James Onwualu\OnwuJa00,OLB,LAC,$465000
,Jordan Roos\RoosJo00,OG,SEA,$465000
,Dan Feeney\FeenDa00,OG,LAC,$465000
,Vincent Taylor\TaylVi00,DT,MIA,$465000
,Jamal Adams\AdamJa00,SS,NYJ,$465000
,Justin McCray\McCrJu00,G,GNB,$465000
,Marcus Johnson\JohnMa07,WR,PHI,$465000
,Dalvin Cook\CookDa01,RB,MIN,$465000
,Nigel Harris\HarrNi00,OLB,3TM,$465000
,Donald Payne\PaynDo00,LB,JAX,$465000
,Marlon Humphrey\HumpMa00,CB,BAL,$465000
,Chris Carson\CarsCh00,RB,SEA,$465000
,Demetrious Cox\CoxxDe00,FS,CAR,$465000
,Patrick Ricard\RicaPa00,DE,BAL,$465000
,Adam Shaheen\ShahAd00,TE,CHI,$465000
,Noah Brown\BrowNo00,WR,DAL,$465000
,Alvin Kamara\KamaAl00,RB,NOR,$465000
,Larry Ogunjobi\OgunLa00,DT,CLE,$465000
,Jake Elliott\ElliJa03,K,PHI,$465000
,Dylan Cole\ColeDy00,LB,HOU,$465000
,Chase Roullier\RoulCh00,C,WAS,$465000
,Charles Harris\HarrCh03,DE,MIA,$465000
,Chad Williams\WillCh05,WR,ARI,$465000
,Curtis Samuel\SamuCu00,WR,CAR,$465000
,YoungHoe Koo\KooxYo00,K,LAC,$465000
,Dominique Hatfield\HatfDo00,CB,LAR,$465000
,Marcus Williams\WillMa08,S,NOR,$465000
,Kareem Hunt\HuntKa00,RB,KAN,$465000
,Isaiah McKenzie\McKeIs00,WR,DEN,$465000
,Jylan Ware\WareJy00,OT,OAK,$465000
,De'Angelo Henderson\HendDe01,RB,DEN,$465000
,Leonard Fournette\FourLe00,RB,JAX,$465000
,Sidney Jones\JoneSi00,CB,PHI,$465000
,Terrell Watson\WatsTe00,RB,PIT,$465000
,Marshon Lattimore\LattMa01,CB,NOR,$465000
,Ahkello Witherspoon\WithAh00,CB,SFO,$465000
,Kyle Fuller\FullKy01,C,HOU,$465000
,Damontae Kazee\KazeDa00,CB,ATL,$465000
,Jesse Davis\DaviJe00,T,MIA,$465000
,Victor Bolden\BoldVi00,WR,SFO,$465000
,Rayshawn Jenkins\JenkRa00,FS,LAC,$465000
,Stacy Coley\ColeSt00,WR,MIN,$465000
,Al-Quadin Muhammad\MuhaAl00,DE,NOR,$465000
,Jamaal Williams\WillJa06,RB,GNB,$465000
,Adam Redmond\RedmAd00,G,IND,$465000
,Jamal Agnew\AgneJa00,CB,DET,$465000
,Joe Walker\WalkJo01,ILB,PHI,$465000
,Kai Nacua\NacuKa00,FS,CLE,$465000
,Josh Reynolds\ReynJo00,WR,LAR,$465000
,Cole Croston\CrosCo00,OT,NWE,$465000
,Dalvin Tomlinson\TomlDa00,DT,NYG,$465000
,Duke Riley\RileDu00,OLB,ATL,$465000
,Shaquill Griffin\GrifSh00,DB,SEA,$465000
,Darrell Daniels\DaniDa02,TE,IND,$465000
,Brian Hill\HillBr02,RB,2TM,$465000
,Lenzy Pipkins\PipkLe00,CB,GNB,$465000
,Tarik Cohen\CoheTa00,RB,CHI,$465000
,Isaac Asiata\AsiaIs00,OG,MIA,$465000
,Taquan Mizzell\MizzTa00,RB,CHI,$465000
,Daeshon Hall\HallDa01,DE,CAR,$465000
,Aviante Collins\CollAv00,OG,MIN,$465000
,Ryan Ramczyk\RamcRy00,OT,NOR,$465000
,Daniel Munyer\MunyDa00,OL,ARI,$465000
,DeShone Kizer\KizeDe00,QB,CLE,$465000
,B.J. Bello\BellB.00,LB,CLE,$465000
,Cooper Kupp\KuppCo00,WR,LAR,$465000
,Josh Malone\MaloJo00,WR,CIN,$465000
,Eddie Jackson\JackEd01,SS,CHI,$465000
,Ryan Anderson\AndeRy00,OLB,WAS,$465000
,Chris Odom\OdomCh00,DE,GNB,$465000
,Mike Hilton\HiltMi01,CB,PIT,$465000
,Max McCaffrey\McCaMa01,WR,JAX,$465000
,John Ross\RossJo00,WR,CIN,$465000
,Steve Longa\LongSt01,LB,DET,$465000
,Sam Tevi\TeviSa00,OT,LAC,$465000
,Rodney Adams\AdamRo01,WR,MIN,$465000
,Conor McDermott\McDeCo00,OT,BUF,$465000
,Josh Harvey-Clemons\HarvJo01,SS,WAS,$465000
,Jamal Carter\CartJa02,S,DEN,$465000
,Elijah McGuire\McGuEl00,RB,NYJ,$465000
,D.J. Jones\JoneD.01,DT,SFO,$465000
,Blair Brown\BrowBl00,ILB,JAX,$465000
,Reuben Foster\FostRe00,ILB,SFO,$465000
,Tion Green\GreeTi00,RB,DET,$465000
,Samson Ebukam\EbukSa00,OLB,LAR,$465000
,ArDarius Stewart\StewAr00,WR,NYJ,$465000
,Michael Roberts\RobeMi01,TE,DET,$465000
,Eli Ankou\AnkoEl00,DT,JAX,$465000
,Jarrad Davis\DaviJa01,ILB,DET,$465000
,Jermaine Eluemunor\ElueJe00,OG,BAL,$465000
,TreDavious White\WhitTr01,CB,BUF,$465000
,Tanzel Smart\SmarTa00,DT,LAR,$465000
,Derek Barnett\BarnDe01,DE,PHI,$465000
,Kevin King\KingKe01,CB,GNB,$465000
,JuJu Smith-Schuster\SmitJu00,WR,PIT,$465000
,Caleb Brantley\BranCa00,DT,CLE,$465000
,Kasey Redfern\RedfKa00,P,DET,$465000
,Zane Gonzalez\GonzZa00,K,CLE,$465000
,Jalen Myrick\MyriJa00,CB,JAX,$465000
,Tanoh Kpassagnon\KpasTa00,DE,KAN,$465000
,Jerald Hawkins\HawkJe00,OT,PIT,$465000
,Dawuane Smoot\SmooDa00,DE,JAX,$465000
,Jabrill Peppers\PeppJa00,SS,CLE,$465000
,Chase Allen\AlleCh02,LB,MIA,$465000
,Takkarist McKinley\McKiTa00,OLB,ATL,$465000
,Charles Washington\WashCh01,DB,DET,$465000
,Thomas Hennessy\HennTh00,LS,NYJ,$465000
,Quincy Wilson\WilsQu01,CB,IND,$465000
,Chuck Clark\ClarCh00,FS,BAL,$465000
,Ukeme Eligwe\EligUk00,OLB,KAN,$465000
,Joe Mixon\MixoJo00,RB,CIN,$465000
,Chad Wheeler\WheeCh00,OT,NYG,$465000
,Deyshawn Bond\BondDe01,C,IND,$465000
,Mack Hollins\HollMa00,WR,PHI,$465000
,Teez Tabor\TaboTe00,CB,DET,$465000
,Eddie Vanderdoes\VandEd00,DT,OAK,$465000
,Mitchell Loewen\LoewMi00,DE,NOR,$465000
,Trent Taylor\TaylTr02,WR,SFO,$465000
,Justin Vogel\VogeJu00,P,GNB,$465000
,Calvin Munson\MunsCa00,OLB,NYG,$465000
,George Kittle\KittGe00,TE,SFO,$465000
,Evan Dietrich-Smith\DietEv00,G,TAM,$465000
,Tedric Thompson\ThomTe00,SS,SEA,$465000
,Carlos Watkins\WatkCa00,DT,HOU,$465000
,Sean Culkin\CulkSe00,TE,LAC,$465000
,Hardy Nickerson\NickHa02,ILB,CIN,$465000
,Amara Darboh\DarbAm00,WR,SEA,$465000
,Jeremiah Ledbetter\LedbJe00,DT,DET,$465000
,Xavier Woods\WoodXa00,SS,DAL,$465000
,Justin Evans\EvanJu00,SS,TAM,$465000
,Christian McCaffrey\McCaCh01,RB,CAR,$465000
,Zach Banner\BannZa00,OG,CLE,$465000
,O.J. Howard\HowaO.00,TE,TAM,$465000
,Montravius Adams\AdamMo00,DT,GNB,$465000
,Tarell Basham\BashTa00,DE,IND,$465000
,Jehu Chesson\ChesJe00,WR,KAN,$465000
,Torry McTyer\McTyTo00,CB,MIA,$465000
,Deatrich Wise Jr.\WiseDe00,DE,NWE,$465000
,Trae Elston\ElstTr01,DB,2TM,$465000
,Marcus Maye\MayeMa00,FS,NYJ,$465000
,Kenny Moore\MoorKe03,CB,IND,$465000
,C.J. Ham\HamxC.00,RB,MIN,$465000
,Dion Dawkins\DawkDi00,OG,BUF,$465000
,Kendrick Bourne\BourKe00,WR,SFO,$465000
,Giorgio Tavecchio\TaveGi00,K,OAK,$465000
,Taylor Moton\MotoTa00,OT,CAR,$465000
,Desmond King\KingDe01,FS,LAC,$465000
,Jonnu Smith\SmitJo01,TE,TEN,$465000
,Haason Reddick\ReddHa00,OLB,ARI,$465000
,Aaron Jones\JoneAa00,RB,GNB,$465000
,Kenny Golladay\GollKe00,WR,DET,$465000
,Tre Madden\MaddTr01,RB,SEA,$465000
,Brian Allen\AlleBr01,CB,PIT,$465000
,Derrick Jones\JoneDe02,CB,NYJ,$465000
,Danny Isidora\IsidDa00,OG,MIN,$465000
,Zay Jones\JoneZa00,WR,BUF,$465000
,T.J. Watt\WattT.00,OLB,PIT,$465000
,Carl Lawson\LawsCa00,DE,CIN,$465000
,Ethan Pocic\PociEt00,C,SEA,$465000
,Tyrique Jarrett\JarrTy00,DT,DEN,$465000
,Cam Robinson\RobiCa00,OT,JAX,$465000
,Devante Bond\BondDe00,OLB,TAM,$465000
,Jacob Hollister\HollJa03,TE,NWE,$465000
,Eddie Yarbrough\YarbEd01,DE,BUF,$465000
,Ryan Switzer\SwitRy00,WR,DAL,$465000
,Adam Butler\ButlAd00,DT,NWE,$465000
,Lorenzo Jerome\JeroLo00,DB,SFO,$465000
,Tanner Gentry\GentTa00,WR,CHI,$465000
,Jeremiah Valoaga\ValoJe00,DE,DET,$465000
,Tyus Bowser\BowsTy00,OLB,BAL,$465000
,Taywan Taylor\TaylTa00,WR,TEN,$465000
,Ryan Glasgow\GlasRy00,DT,CIN,$465000
,James Conner\ConnJa00,RB,PIT,$465000
,Alex Barrett\BarrAl00,DE,DET,$465000
,Kasen Williams\WillKa02,WR,CLE,$465000
,Maurice Smith\SmitMa04,FS,MIA,$465000
,Kendell Beckwith\BeckKe00,ILB,TAM,$465000
,Rasul Douglas\DougRa00,CB,PHI,$465000
,D'Onta Foreman\ForeDO00,RB,HOU,$465000
,Solomon Thomas\ThomSo00,DE,SFO,$465000
,Jonathan Allen\AlleJo01,DT,WAS,$465000
,Josh Jones\JoneJo06,S,GNB,$465000
,Montae Nicholson\NichMo00,SS,WAS,$465000
,Treyvon Hester\HestTr00,DT,OAK,$465000
,Matt Milano\MilaMa00,OLB,BUF,$465000
,Jaylen Hill\HillJa01,CB,BAL,$465000
,Pat Elflein\ElflPa00,C,MIN,$465000
,Chris Wormley\WormCh00,DT,BAL,$465000
,Antony Auclair\AuclAn00,TE,TAM,$465000
,Joshua Holsey\HolsJo01,CB,WAS,$465000
,Jordan Evans\EvanJo01,ILB,CIN,$465000
,Shelton Gibson\GibsSh00,WR,PHI,$465000
,Chris Godwin\GodwCh00,WR,TAM,$465000
,Shane Smith\SmitSh02,FB,NYG,$465000
,Cethan Carter\CartCe00,TE,CIN,$465000
,Jalen Reeves-Maybin\ReevJa00,OLB,DET,$465000
,Taco Charlton\CharTa00,DE,DAL,$465000
,Nazair Jones\JoneNa00,DT,SEA,$465000
,Deshaun Watson\WatsDe00,QB,HOU,$465000
,Julie'n Davenport\DaveJu00,OT,HOU,$465000
,Alex Anzalone\AnzaAl00,OLB,NOR,$465000
,Matt Haack\HaacMa00,P,MIA,$465000
,Myles Garrett\GarrMy00,DE,CLE,$465000
,Keelan Cole\ColeKe00,WR,JAX,$465000
,Gerald Everett\EverGe00,TE,LAR,$465000
,Pita Taumoepenu\TaumPi00,OLB,SFO,$465000
,Austin Carr\CarrAu00,WR,NOR,$465000
,DeMarcus Walker\WalkDe03,DE,DEN,$465000
,Rigoberto Sanchez\SancRi00,K,IND,$465000
,Mike Williams\WillMi07,WR,LAC,$465000
,Dylan Donahue\DonaDy00,DL,NYJ,$465000
,Elijhaa Penny\PennEl00,RB,ARI,$465000
,Trey Hendrickson\HendTr00,DE,NOR,$465000
,Jeremy Sprinkle\SpriJe00,TE,WAS,$465000
,Mitch Trubisky\TrubMi00,QB,CHI,$465000
,Roy Robertson-Harris\RobeRo00,LB,CHI,$465000
1743,Orlando Franklin\FranOr00,OL,WAS,$455882
,Sean Weatherspoon\WeatSe99,LB,ATL,$455882
,Gavin Escobar\EscoGa00,TE,BAL,$455882
,Jonathan Freeny\FreeJo01,DE,3TM,$455882
1747,Khyri Thornton\ThorKh00,DT,DET,$452941
1748,Jacquies Smith\SmitJa01,DE,2TM,$446471
1749,Curtis Grant\GranCu01,LB,NYG,$437648
1750,Evan Baylis\BaylEv00,TE,HOU,$437647
,Lawrence Thomas\ThomLa04,DE,NYJ,$437647
,Michael Davis\DaviMi03,,LAC,$437647
,Mike Davis\DaviMi01,RB,SEA,$437647
,Elijah Lee\LeexEl00,OLB,SFO,$437647
,Adam Pankey\PankAd00,OG,GNB,$437647
,Tony McRae\McRaTo00,CB,2TM,$437647
1757,Kelvin Sheppard\ShepKe00,LB,NYG,$423529
1758,Louis Murphy\MurpLo00,WR,SFO,$423528
1759,Jordan Lucas\LucaJo00,SS,MIA,$421941
1760,Scooby Wright\WrigSc00,ILB,ARI,$412945
,Chris Reed\ReedCh00,G,JAX,$412945
,Deon King\KingDe00,LB,CLE,$412945
1763,Bryce Treggs\TregBr00,WR,CLE,$412941
,Branden Jackson\JackBr04,DE,SEA,$412941
,Quinton Jefferson\JeffQu00,DT,SEA,$412941
,Mike Thomas\ThomMi04,WR,LAR,$412941
1767,Jordan Leslie\LeslJo00,WR,CLE,$410295
,Reggie Porter\PortRe01,CB,CLE,$410295
1769,Alex Armah\ArmaAl00,FB,CAR,$410294
,Devin Taylor\TaylDe00,DE,NYG,$410294
,Ricky Seals-Jones\SealRi00,WR,ARI,$410294
,T.J. Yates\YateT.00,QB,HOU,$410294
,Matt Skura\SkurMa01,C,BAL,$410294
,Justin Hardee\HardJu01,WR,NOR,$410294
,Travaris Cadet\CadeTr00,RB,2TM,$410294
,Don Barclay\BarcDo00,G,DET,$410294
1777,Robert Nelson\NelsRo00,FS,NYJ,$405882
1778,David Fales\FaleDa00,QB,MIA,$405880
1779,Jairus Byrd\ByrdJa99,DB,CAR,$404648
1780,Josh Lambo\LambJo00,K,JAX,$397941
,Michael Ola\OlaxMi00,T,LAC,$397941
1782,A.J. Francis\FranA.00,DL,WAS,$397936
1783,Aaron Wallace\WallAa00,OLB,TEN,$383824
1784,Chris Thompson\ThomCh05,WR,HOU,$382942
,Chris Thompson\ThomCh03,RB,WAS,$382942
1786,Harrison Butker\ButkHa00,K,KAN,$382941
,Taybor Pepper\PeppTa00,LS,GNB,$382941
,Bryan Cox\CoxxBr01,DE,CAR,$382941
1789,Darnell Sankey\SankDa00,LB,IND,$381176
,Shilique Calhoun\CalhSh00,DE,OAK,$381176
,Patrick Murray\MurrPa01,K,TAM,$381176
,Justin March-Lillard\MarcJu00,LB,3TM,$381176
1793,Will Beatty\BeatWi20,T,PHI,$370588
,Dannell Ellerbe\ElleDa99,LB,PHI,$370588
1795,Cam Thomas\ThomCa99,DT,KAN,$370587
1796,Brenton Bersin\BersBr00,WR,CAR,$365292
1797,Jeff Cumberland\CumbJe00,TE,LAC,$364706
1798,Deiondre' Hall\HallDe02,CB,CHI,$363000
,Maurice Canady\CanaMa00,CB,BAL,$363000
,Ronald Blair\BlaiRo00,DE,SFO,$363000
1801,Arie Kouandjio\KouaAr00,OG,WAS,$361765
,Trevor Reilly\ReilTr00,OLB,NWE,$361765
1803,Isaiah Johnson\JohnIs00,S,TAM,$355589
,Jon Halapio\HalaJo00,OG,NYG,$355589
1805,Isaiah Irving\IrviIs00,OLB,CHI,$355588
,Henry Krieger-Coble\KrieHe00,TE,IND,$355588
,Greg Mabin\MabiGr00,CB,2TM,$355588
,Kyle Kalis\KaliKy00,OG,IND,$355588
1809,Darrelle Revis\ReviDa99,DB,KAN,$352941
1810,Jermaine Whitehead\WhitJe02,DB,GNB,$349415
,Joe Callahan\CallJo00,QB,GNB,$349415
,Richard Ash\AshxRi00,DT,DAL,$349415
1813,Daniel Lasco\LascDa00,RB,NOR,$349412
1814,Jeremy Clark\ClarJe04,CB,NYJ,$348000
,Marquez Williams\WillMa09,FB,CLE,$348000
,Vince Biegel\BiegVi00,OLB,GNB,$348000
,Cameron Sutton\SuttCa00,CB,PIT,$348000
,Dede Westbrook\WestDe00,WR,JAX,$348000
,Obi Melifonwu\MeliOb00,SS,OAK,$348000
1820,Adam Bighill\BighAd00,LB,NOR,$328236
,Tani Tupou\TupoTa01,DT,ATL,$328236
,Marvin Hall\HallMa02,WR,ATL,$328236
,Donte Deayon\DeayDo01,DB,NYG,$328236
1824,Travis Rudolph\RudoTr00,WR,NYG,$328235
,Ed Eagan\EagaEd00,WR,NYG,$328235
,Marcus Kemp\KempMa00,WR,KAN,$328235
,Cole Hikutini\HikuCo00,TE,SFO,$328235
,Xavier Coleman\ColeXa00,CB,NYJ,$328235
1829,Josh Keyes\KeyeJo00,LB,2TM,$325588
,Angelo Blackson\BlacAn00,DT,HOU,$325588
,Tyreek Burwell\BurwTy00,T,IND,$325588
,Xavier Cooper\CoopXa00,DT,2TM,$325588
1833,Cyrus Kouandjio\KouaCy00,OT,DEN,$324706
1834,Harlan Miller\MillHa00,CB,ARI,$319118
,Akeem Ayers\AyerAk00,LB,NYG,$319118
1836,Joshua Perry\PerrJo01,OLB,IND,$317647
,Matt Lengel\LengMa00,TE,CLE,$317647
1838,Jaydon Mickens\MickJa01,WR,JAX,$300883
,Nathan Gerry\GerrNa00,SS,PHI,$300883
,Elijah Wilkinson\WilkEl00,OT,DEN,$300883
,Jerrol Garcia-Williams\GarcJe01,LB,DEN,$300883
,Hunter Sharp\SharHu01,WR,2TM,$300883
1843,Nick Rose\RoseNi00,K,2TM,$300882
1844,Ray-Ray Armstrong\ArmsRa01,LB,2TM,$294118
1845,Freddie Martino\MartFr00,WR,TAM,$289408
1846,D.J. White\WhitD.00,CB,IND,$285882
,Nate Sudfeld\SudfNa00,QB,PHI,$285882
1848,Jace Billingsley\BillJa00,WR,DET,$273530
,Dan Skipper\SkipDa00,OT,DET,$273530
,Kevin Snyder\SnydKe00,LB,DEN,$273530
,Blake Jarwin\JarwBl00,TE,DAL,$273530
1852,Elijah Hood\HoodEl00,RB,OAK,$273529
1853,Ben Braunecker\BrauBe00,TE,CHI,$254120
,Joey Mbu\MbuxJo01,NT,IND,$254120
1855,Max Tuerk\TuerMa00,C,ARI,$254118
1856,Zach Vigil\VigiZa00,ILB,WAS,$253235
1857,Terrence Magee\MageTe00,RB,ATL,$253232
,Deiontrez Mount\MounDe00,OLB,DEN,$253232
1859,Donatello Brown\BrowDo02,CB,GNB,$246177
,Marshall Koehn\KoehMa00,K,CIN,$246177
,Darrell Williams\WillDa08,OL,SFO,$246177
,Bryson Albright\AlbrBr00,LB,ARI,$246177
,Derek Hart\HartDe01,LS,GNB,$246177
1864,Cairo Santos\SantCa01,K,2TM,$243529
,Fitzgerald Toussaint\TousFi00,RB,PIT,$243529
,Demetrius Rhaney\RhanDe00,C,WAS,$243529
1867,Mike Nugent\nugenmik01,K,2TM,$235294
1868,Tim Barnes\BarnTi01,C,SFO,$227941
,Datone Jones\JoneDa03,DE,2TM,$227941
,Chris Prosinski\ProsCh00,DB,CHI,$227941
1871,Joe Kerridge\KerrJo00,FB,GNB,$222353
,Vinston Painter\PainVi00,OT,ARI,$222353
,Kalif Raymond\RaymKa00,WR,2TM,$222353
,Byron Marshall\MarsBy01,RB,WAS,$222353
1875,Johnny Mundt\MundJo00,TE,LAR,$218824
,Jojo Natson\NatsJo00,WR,NYJ,$218824
,Joseph Jones\JoneJo05,OLB,DEN,$218824
,Brandon Banks\BankBr01,DL,WAS,$218824
,Darius Hillary\HillDa02,CB,CLE,$218824
,Chunky Clements\ClemCh00,DT,HOU,$218824
,Maurice Harris\HarrMa05,WR,WAS,$218824
,Brandon Wilson\WilsBr01,CB,CIN,$218824
,Lewis Neal\NealLe00,DE,DAL,$218824
,Josh Forrest\ForrJo00,ILB,SEA,$218824
,Daniel Ross\RossDa02,DT,DAL,$218824
,Zach Sterup\SterZa00,OL,MIA,$218824
,Josh Tupou\TupoJo00,DT,CIN,$218824
1888,Howard Jones\JoneHo01,LB,CHI,$217059
,Neville Hewitt\HewiNe00,LB,MIA,$217059
,Dexter McDougle\McDoDe00,CB,2TM,$217059
1891,Orson Charles\CharOr00,TE,KAN,$202940
1892,Austin Traylor\TrayAu00,TE,DEN,$191471
,Colin Holba\HolbCo00,LS,JAX,$191471
,Larry Pinkard\PinkLa00,WR,JAX,$191471
1895,Cobi Hamilton\HamiCo00,WR,HOU,$190590
1896,Christian Ringo\RingCh00,DE,DET,$190588
1897,Spencer Paysinger\PaysSp00,LB,CAR,$182353
1898,Bradley Marquez\MarqBr00,WR,DET,$180882
1899,Khalif Barnes\BarnKh20,T,ARI,$176471
1900,Pete Robertson\RobePe01,LB,WAS,$164118
,LeShun Daniels\DaniLe00,RB,WAS,$164118
,Jason Vander Laan\VandJa00,TE,IND,$164118
,Kevin Peterson\PeteKe01,CB,LAR,$164118
,Eric Lee\LeexEr00,LB,NWE,$164118
,Justin Currie\CurrJu00,S,CLE,$164118
,David Moore\MoorDa03,WR,SEA,$164118
1907,Carlos Thompson\ThomCa02,LB,LAR,$158825
,Bronson Hill\HillBr01,RB,ARI,$158825
,Brandon Dixon\DixoBr00,CB,NYG,$158825
,Gabe Martin\MartGa00,LB,ARI,$158825
1911,Bryan Braman\BramBr00,LB,PHI,$158824
,Nic Grigsby\GrigNi01,LB,NWE,$158824
,Anthony Fabiano\FabiAn00,OL,IND,$158824
1914,MyCole Pruitt\PruiMy00,TE,HOU,$144706
,Anthony Johnson\JohnAn04,DT,IND,$144706
,Cameron Lynch\LyncCa00,LB,2TM,$144706
1917,Bernard Reedy\ReedBe01,WR,2TM,$136765
,Marcus Rios\RiosMa00,CB,DEN,$136765
,Mike Liedtke\LiedMi00,OL,TAM,$136765
,Cameron Malveaux\MalvCa00,DE,MIA,$136765
,Carroll Phillips\PhilCa00,OLB,JAX,$136765
,Gimel President\PresGi00,DE,HOU,$136765
,De'Veon Smith\SmitDe06,RB,MIA,$136765
,Michael Clark\ClarMi00,WR,GNB,$136765
,Arthur Maulet\MaulAr00,CB,NOR,$136765
,Isaac Whitney\WhitIs00,WR,OAK,$136765
,Chad Slade\SladCh01,G,HOU,$136765
,Rodney Coe\CoexRo00,DT,SEA,$136765
,Jeremy McNichols\McNiJe00,RB,SFO,$136765
,K.J. Brent\BrenK.00,WR,IND,$136765
,Jesus Wilson\WilsJe00,WR,TAM,$136765
,Garrett Griffin\GrifGa00,TE,NOR,$136765
,Pat O'Connor\OConPa00,DE,TAM,$136765
,LaTroy Lewis\LewiLa01,LB,HOU,$136765
,Travis Coons\CoonTr00,K,LAC,$136765
,Lavar Edwards\EdwaLa00,DE,CLE,$136765
1937,Stanley Jean-Baptiste\JeanSt00,CB,BAL,$127060
1938,Darius Powe\PoweDa02,WR,NYG,$127059
1939,Keith Reaser\ReasKe00,CB,2TM,$121765
1940,Robert Davis\DaviRo00,WR,WAS,$109412
,Nordly Capi\CapiNo00,LB,2TM,$109412
,Rashaad Coward\CowaRa00,DT,CHI,$109412
,DeAndrew White\WhitDe01,WR,HOU,$109412
,Justin Hamilton\HamiJu00,DT,2TM,$109412
1945,Isaiah Johnson\JohnIs01,DB,LAR,$108529
,Taylor Heinicke\HeinTa00,QB,HOU,$108529
1947,Kapri Bibbs\BibbKa00,RB,WAS,$108528
1948,John Phillips\PhilJo00,TE,NOR,$105882
1949,Kyle Carter\CartKy01,TE,MIN,$100800
1950,C.J. Smith\SmitC.00,CB,CLE,$95294
,Tyvis Powell\PoweTy01,FS,SFO,$95294
,Gabe Holmes\HolmGa00,TE,ARI,$95294
,Paul Dawson\DawsPa00,OLB,SEA,$95294
,Matt Hazel\HazeMa01,WR,IND,$95294
1955,Cameron Lee\LeexCa01,G,CHI,$93600
1956,Kache Palacio\PalaKa00,LB,SEA,$82059
,Otha Peters\PeteOt00,LB,WAS,$82059
,Breon Borders\BordBr00,CB,BUF,$82059
,Brandon Bell\BellBr01,OLB,CIN,$82059
,Leon McQuay\McQuLe01,S,KAN,$82059
,Jarveon Williams\WillJa07,HB,CIN,$82059
,Dymonte Thomas\ThomDy01,SS,DEN,$82059
,Ryan Murphy\MurpRy00,FS,NYG,$82059
,Riley Bullough\BullRi00,ILB,TAM,$82059
,Matt LaCosse\LaCoMa00,TE,2TM,$82059
,Isaac Rochell\RochIs00,DE,LAC,$82059
1967,Caraun Reid\ReidCa00,DT,DET,$81176
1968,Ronald Martin\MartRo02,S,IND,$72353
,James Stone\StonJa02,C,OAK,$72353
,David Quessenberry\QuesDa00,OT,HOU,$72353
1971,Channing Ward\WardCh00,DE,TAM,$63529
,Michael Hunter\HuntMi00,CB,NYG,$63529
1973,James Harrison\HarrJa23,LB,2TM,$58824
,Tony McDaniel\McDaTo20,DT,2TM,$58824
1975,Fish Smithson\SmitFi00,S,WAS,$54706
,Pharaoh Brown\BrowPh01,TE,OAK,$54706
,Andy Jones\JoneAn01,WR,2TM,$54706
,Brett Boyko\BoykBr01,T,LAC,$54706
,Dare Ogunbowale\OgunDa00,RB,WAS,$54706
,Reggie Gilbert\GilbRe01,LB,GNB,$54706
,Brady Sheldon\ShelBr01,LB,OAK,$54706
,Ryan Malleck\MallRy02,TE,HOU,$54706
,David Rivers\RiveDa00,CB,TAM,$54706
,Kent Perkins\PerkKe00,OT,CIN,$54706
,Mose Frazier\FrazMo00,WR,CAR,$54706
,Sam Ficken\FickSa01,K,LAR,$54706
1987,Krishawn Hogan\HogaKr00,WR,IND,$38294
1988,Edmond Robinson\RobiEd00,OLB,NYJ,$36176
,Marcus Murphy\MurpMa03,RB,BUF,$36176
1990,Hakeem Valles\VallHa00,TE,DET,$31765
,Marquis Bundy\BundMa00,WR,NYG,$31765
1992,Derrick Mathews\MathDe00,LB,NYG,$27353
,Rickey Hatley\HatlRi00,DT,BUF,$27353
,Emanuel Byrd\ByrdEm00,TE,GNB,$27353
,Aaron Neary\NearAa00,C,LAR,$27353
,Garrett Sickels\SickGa00,DE,LAR,$27353
,Jeff Overbaugh\OverJe00,LS,MIN,$27353
,Quincy Adeboyejo\AdebQu00,WR,BAL,$27353
